Control Number,District,Street,Connection Type,2019_DEC,2020_JAN,2020_FEB,2020_MAR,2020_APR,2020_MAY,2020_JUN,2020_JUL,2020_AUG,2020_SEP,2020_OCT,2020_NOV,2020_DEC
0.0,,,,,,,,,,,,,,,,
50964.0,,,,,,,,,,,,,,,,
500002.0,District 4,Esparrago Street,Residential,0.0,0.0,0.0,0.0,0.0,0.0,0.0,0.0,0.0,0.0,0.0,0.0,0.0
500003.0,District 4,Esparrago Street,Residential,9.0,7.0,11.0,36.0,18.0,16.0,11.0,1.0,2.0,4.0,0.0,35.0,9.0
500004.0,District 4,Esparrago Street,Residential,26.0,14.0,23.0,40.0,20.0,127.0,23.0,82.0,0.0,0.0,24.0,36.0,26.0
500005.0,District 4,Esparrago Street,Residential,0.0,0.0,0.0,0.0,0.0,0.0,0.0,0.0,0.0,0.0,1.0,0.0,0.0
500007.0,District 4,Esparrago Street,Residential,8.0,8.0,6.0,26.0,13.0,14.0,0.0,5.0,10.0,6.0,7.0,11.0,8.0
500008.0,District 2,Alicante Street,Residential,0.0,9.0,11.0,7.0,3.0,20.0,13.0,9.0,12.0,9.0,19.0,6.0,0.0
500009.0,District 4,Alicante Street,Residential,0.0,5.0,6.0,19.0,9.0,6.0,9.0,2.0,0.0,0.0,1.0,2.0,0.0
500010.0,District 4,Alicante Street,Residential,0.0,11.0,8.0,15.0,7.0,9.0,5.0,7.0,6.0,4.0,5.0,4.0,0.0
500011.0,District 2,Alicante Street,Residential,0.0,17.0,10.0,18.0,9.0,16.0,9.0,13.0,15.0,8.0,16.0,6.0,0.0
500013.0,District 3,Alicante Street,Residential,0.0,21.0,22.0,31.0,15.0,23.0,15.0,19.0,12.0,22.0,19.0,22.0,0.0
500014.0,District 4,Alicante Street,Residential,0.0,22.0,9.0,25.0,13.0,32.0,16.0,31.0,40.0,8.0,3.0,0.0,0.0
500015.0,District 4,Alicante Street,Residential,0.0,1.0,6.0,19.0,9.0,13.0,4.0,13.0,16.0,8.0,5.0,5.0,0.0
500016.0,,Moyot Street,Residential,0.0,0.0,0.0,0.0,0.0,0.0,0.0,0.0,4.0,0.0,0.0,0.0,0.0
500018.0,,Moyot Street,Residential,14.0,12.0,0.0,92.0,46.0,26.0,16.0,15.0,18.0,10.0,20.0,20.0,14.0
500019.0,District 4,Esparrago Street,Residential,0.0,0.0,0.0,0.0,0.0,0.0,0.0,16.0,34.0,17.0,18.0,29.0,0.0
500021.0,District 4,Villamor Street,Residential,0.0,7.0,0.0,3.0,1.0,3.0,3.0,3.0,1.0,1.0,0.0,0.0,0.0
500022.0,District 4,Grafilo Street,Residential,0.0,0.0,0.0,0.0,0.0,0.0,0.0,0.0,0.0,0.0,0.0,0.0,0.0
500023.0,District 4,Barsaga Street,Residential,0.0,0.0,0.0,26.0,13.0,19.0,26.0,29.0,0.0,57.0,24.0,15.0,0.0
500024.0,District 2,Balcavem Street,Residential,2.0,1.0,2.0,2.0,1.0,1.0,0.0,0.0,2.0,1.0,1.0,1.0,2.0
500025.0,District 2,Balcavem Street,Residential,16.0,6.0,9.0,17.0,9.0,13.0,10.0,10.0,16.0,7.0,13.0,10.0,16.0
500026.0,District 2,Balcavem Street,Residential,0.0,0.0,0.0,0.0,0.0,0.0,0.0,0.0,0.0,0.0,0.0,0.0,0.0
500027.0,District 2,Balcavem Street,Residential,2.0,0.0,1.0,1.0,1.0,0.0,0.0,0.0,0.0,0.0,2.0,0.0,2.0
500028.0,District 2,Balcavem Street,Residential,0.0,0.0,0.0,0.0,0.0,0.0,0.0,0.0,0.0,0.0,11.0,10.0,0.0
500029.0,District 2,Balcavem Street,Residential,16.0,6.0,11.0,30.0,15.0,25.0,15.0,10.0,20.0,10.0,13.0,9.0,16.0
500030.0,District 2,Balcavem Street,Residential,32.0,13.0,27.0,28.0,14.0,22.0,25.0,17.0,30.0,20.0,33.0,0.0,32.0
500032.0,District 2,Balcavem Street,Residential,12.0,6.0,7.0,0.0,0.0,34.0,9.0,7.0,13.0,10.0,22.0,15.0,12.0
500033.0,District 2,Balcavem Street,Residential,0.0,0.0,10.0,12.0,6.0,3.0,0.0,7.0,11.0,8.0,11.0,15.0,0.0
500035.0,District 2,Jones Street,Residential,31.0,16.0,36.0,43.0,21.0,24.0,14.0,19.0,25.0,14.0,16.0,29.0,31.0
500036.0,District 2,Jones Street,Residential,14.0,6.0,8.0,16.0,8.0,1.0,17.0,6.0,8.0,5.0,9.0,14.0,14.0
500038.0,,Moyot Street,Residential,0.0,0.0,0.0,0.0,0.0,0.0,0.0,0.0,34.0,26.0,37.0,39.0,0.0
500039.0,,Moyot Street,Commercial,5.0,5.0,0.0,0.0,0.0,0.0,0.0,0.0,0.0,0.0,0.0,0.0,5.0
500040.0,,Moyot Street,Residential,0.0,0.0,0.0,0.0,0.0,0.0,0.0,0.0,0.0,16.0,32.0,53.0,0.0
500042.0,,Moyot Street,Residential,32.0,40.0,17.0,10.0,5.0,15.0,1.0,19.0,26.0,17.0,30.0,25.0,32.0
500043.0,District 3,Altarejos Street,Residential,0.0,9.0,2.0,4.0,2.0,2.0,2.0,2.0,3.0,1.0,2.0,3.0,0.0
500044.0,District 1,Bartolay Street,Residential,0.0,61.0,0.0,55.0,27.0,23.0,21.0,21.0,28.0,20.0,23.0,19.0,0.0
500047.0,District 2,Jones Street,Residential,12.0,14.0,15.0,24.0,12.0,14.0,8.0,11.0,14.0,9.0,11.0,10.0,12.0
500048.0,District 2,Jones Street,Residential,20.0,10.0,18.0,0.0,0.0,49.0,17.0,18.0,11.0,23.0,16.0,14.0,20.0
500049.0,District 2,Balcavem Street,Residential,28.0,12.0,14.0,29.0,15.0,22.0,14.0,14.0,25.0,11.0,19.0,18.0,28.0
500050.0,,Moyot Street,Residential,37.0,32.0,0.0,58.0,29.0,21.0,15.0,12.0,10.0,11.0,7.0,12.0,37.0
500051.0,,Moyot Street,Residential,0.0,0.0,0.0,0.0,0.0,146.0,0.0,6.0,9.0,2.0,10.0,14.0,0.0
500053.0,,Moyot Street,Commercial,0.0,0.0,0.0,0.0,0.0,0.0,0.0,0.0,0.0,0.0,0.0,0.0,0.0
500054.0,,Moyot Street,Residential,0.0,1.0,0.0,31.0,15.0,6.0,13.0,0.0,9.0,8.0,34.0,22.0,0.0
500055.0,District 3,Flores Street,Residential,17.0,12.0,11.0,27.0,13.0,23.0,11.0,15.0,22.0,13.0,67.0,0.0,17.0
500056.0,District 4,Alicante Street,Residential,0.0,12.5,10.0,17.5,8.5,13.0,14.0,18.0,28.0,18.0,17.0,21.0,0.0
500057.0,District 3,Flores Street,Residential,28.0,16.0,43.0,30.0,15.0,23.0,16.0,18.0,28.0,18.0,27.0,24.0,28.0
500058.0,District 3,Flores Street,Residential,31.0,20.0,24.0,67.0,33.0,42.0,23.0,28.0,42.0,26.0,28.0,27.0,31.0
500059.0,District 3,Flores Street,Residential,1.0,0.0,0.0,59.0,29.0,19.0,8.0,10.0,13.0,11.0,10.0,9.0,1.0
500060.0,District 3,Flores Street,Residential,15.0,10.0,8.0,19.0,9.0,13.0,7.0,8.0,13.0,5.0,10.0,8.0,15.0
500061.0,District 4,Flores Street,Residential,6.0,9.0,10.0,0.0,0.0,13.0,5.0,4.0,0.0,9.0,9.0,12.0,6.0
500062.0,District 3,Flores Street,Commercial,89.0,55.0,83.0,158.0,79.0,82.0,47.0,69.0,84.0,56.0,73.0,52.0,89.0
500063.0,District 3,Flores Street,Residential,14.0,22.0,23.0,50.0,25.0,32.0,16.0,16.0,13.0,7.0,16.0,10.0,14.0
500064.0,District 3,Flores Street,Residential,24.0,20.0,13.0,40.0,20.0,37.0,13.0,16.0,23.0,25.0,28.0,0.0,24.0
500065.0,District 3,Flores Street,Residential,10.0,6.0,9.0,19.0,9.0,17.0,8.0,12.0,15.0,6.0,9.0,14.0,10.0
500066.0,District 3,Flores Street,Residential,63.0,52.0,68.0,125.0,63.0,124.0,50.0,76.0,39.0,25.0,35.0,43.0,63.0
500067.0,District 3,Balintong Street,Residential,0.0,28.0,0.0,75.0,37.0,74.0,16.0,7.0,15.0,11.0,10.0,10.0,0.0
500068.0,District 3,Balintong Street,Residential,0.0,19.0,0.0,44.0,22.0,20.0,12.0,17.0,20.0,15.0,20.0,17.0,0.0
500069.0,District 3,Altarejos Street,Residential,0.0,37.0,12.0,50.0,25.0,37.0,20.0,27.0,26.0,18.0,18.0,26.0,0.0
500070.0,District 3,Altarejos Street,Residential,0.0,45.0,31.0,46.0,23.0,32.0,30.0,40.0,31.0,20.0,22.0,23.0,0.0
500071.0,District 3,Altarejos Street,Industrial,0.0,172.0,0.0,217.0,109.0,173.0,83.0,90.0,183.0,111.0,69.0,79.0,0.0
500072.0,District 3,Altarejos Street,Residential,0.0,0.0,0.0,0.0,0.0,0.0,0.0,0.0,0.0,0.0,0.0,0.0,0.0
500073.0,District 3,Letada Street,Residential,0.0,0.0,0.0,0.0,0.0,0.0,0.0,0.0,0.0,0.0,17.0,11.0,0.0
500074.0,District 3,Letada Street,Residential,0.0,17.0,0.0,37.0,19.0,14.0,20.0,14.0,19.0,14.0,11.0,11.0,0.0
500075.0,District 4,Lique Street,Residential,0.0,10.0,5.0,13.0,7.0,11.0,13.0,10.0,11.0,4.0,6.0,7.0,0.0
500076.0,District 3,Letada Street,Residential,0.0,40.0,0.0,31.0,15.0,15.0,9.0,9.0,6.0,0.0,8.0,12.0,0.0
500077.0,District 3,Letada Street,Residential,0.0,14.0,0.0,25.0,13.0,10.0,6.0,5.0,9.0,0.0,16.0,9.0,0.0
500078.0,District 3,Letada Street,Residential,0.0,0.0,0.0,49.0,25.0,19.0,12.0,14.0,29.0,28.0,31.0,22.0,0.0
500079.0,District 4,Lique Street,Residential,0.0,0.0,1.0,61.0,31.0,0.0,10.0,5.0,4.0,3.0,3.0,19.0,0.0
500080.0,District 3,Amican Street,Residential,0.0,35.0,15.0,24.0,12.0,15.0,14.0,11.0,11.0,9.0,18.0,7.0,0.0
500081.0,District 3,Amican Street,Residential,0.0,19.0,16.0,46.0,23.0,32.0,21.0,21.0,24.0,22.0,24.0,15.0,0.0
500082.0,District 3,Almonte Street,Residential,0.0,49.0,0.0,256.0,128.0,129.0,0.0,185.0,0.0,226.0,0.0,0.0,0.0
500083.0,District 2,Balcavem Street,Residential,20.0,10.0,17.0,30.0,15.0,31.0,19.0,17.0,27.0,11.0,19.0,16.0,20.0
500084.0,District 4,Esparrago Street,Residential,65.0,31.0,69.0,97.0,49.0,0.0,126.0,56.0,75.0,42.0,41.0,71.0,65.0
500085.0,District 4,Esparrago Street,Residential,29.0,13.0,41.0,37.0,19.0,29.0,27.0,27.0,33.0,23.0,25.0,12.0,29.0
500086.0,District 4,Esparrago Street,Residential,59.0,23.0,26.0,2.0,1.0,1.0,1.0,1.0,1.0,1.0,1.0,1.0,59.0
500087.0,District 4,Esparrago Street,Residential,17.0,9.0,21.0,31.0,15.0,0.0,29.0,16.0,0.0,14.0,12.0,14.0,17.0
500088.0,District 4,Esparrago Street,Residential,19.0,12.0,15.0,22.0,11.0,17.0,14.0,14.0,19.0,14.0,9.0,18.0,19.0
500089.0,District 3,Esparrago Street,Residential,9.0,4.0,20.0,85.0,43.0,43.0,54.0,106.0,0.0,0.0,0.0,236.0,9.0
500090.0,District 4,Villamor Street,Residential,0.0,51.0,0.0,69.0,35.0,30.0,19.0,28.0,51.0,27.0,44.0,28.0,0.0
500091.0,District 4,Villamor Street,Residential,0.0,33.0,0.0,44.0,22.0,17.0,11.0,12.0,17.0,7.0,13.0,13.0,0.0
500092.0,District 4,Villamor Street,Residential,0.0,0.0,0.0,0.0,0.0,0.0,9.0,10.0,17.0,11.0,17.0,13.0,0.0
500093.0,District 4,Alicante Street,Residential,0.0,26.0,19.0,33.0,17.0,36.0,5.0,16.0,24.0,13.0,20.0,26.0,0.0
500094.0,District 4,Alicante Street,Residential,0.0,19.0,18.0,38.0,19.0,10.0,22.0,14.0,15.0,16.0,16.0,6.0,0.0
500095.0,District 4,Alicante Street,Residential,0.0,6.0,6.0,20.0,10.0,12.0,6.0,6.0,6.0,3.0,4.0,4.0,0.0
500096.0,District 4,Grafilo Street,Residential,0.0,6.0,0.0,18.0,9.0,5.0,4.0,0.0,6.0,6.0,3.0,3.0,0.0
500097.0,District 4,Grafilo Street,Residential,0.0,33.0,0.0,59.0,29.0,0.0,0.0,0.0,106.0,0.0,0.0,22.0,0.0
500098.0,District 4,Bartolay Street,Residential,0.0,55.0,0.0,88.0,44.0,35.0,29.0,28.0,32.0,24.0,25.0,24.0,0.0
500100.0,District 4,Flores Street,Residential,0.0,1.0,0.0,1.0,1.0,0.0,0.0,0.0,0.0,0.0,0.0,0.0,0.0
500101.0,District 3,Flores Street,Residential,13.0,7.0,13.0,20.0,10.0,14.0,8.0,11.0,20.0,9.0,14.0,9.0,13.0
500102.0,District 4,Flores Street,Residential,0.0,48.0,29.0,51.0,25.0,27.0,17.0,9.0,31.0,24.0,21.0,23.0,0.0
500103.0,District 3,Flores Street,Residential,16.0,4.0,6.0,7.0,3.0,7.0,5.0,0.0,10.0,6.0,4.0,25.0,16.0
500105.0,District 3,Altarejos Street,Residential,0.0,162.0,100.0,164.0,82.0,96.0,89.0,37.0,40.0,27.0,27.0,29.0,0.0
500106.0,District 4,Esparrago Street,Residential,0.0,0.0,0.0,0.0,0.0,20.0,19.0,18.0,27.0,14.0,16.0,27.0,0.0
500107.0,District 4,Lique Street,Commercial,0.0,145.0,83.0,0.0,0.0,0.0,0.0,6.0,17.0,17.0,25.0,23.0,0.0
500109.0,District 4,Bartolay Street,Residential,0.0,59.0,0.0,80.0,40.0,44.0,45.0,38.0,15.0,10.0,11.0,12.0,0.0
500110.0,District 3,Letada Street,Residential,0.0,18.0,0.0,23.0,11.0,57.0,21.0,8.0,22.0,19.0,21.0,62.0,0.0
500111.0,District 3,Letada Street,Residential,0.0,0.0,0.0,41.0,21.0,26.0,12.0,15.0,20.0,12.0,17.0,16.0,0.0
500112.0,District 3,Balintong Street,Residential,0.0,57.0,0.0,134.0,67.0,85.0,46.0,46.0,70.0,45.0,51.0,51.0,0.0
500114.0,District 2,Balcavem Street,Residential,8.0,4.0,7.0,11.0,5.0,5.0,5.0,46.0,18.0,0.0,7.0,5.0,8.0
500115.0,District 2,Balcavem Street,Residential,0.0,0.0,0.0,0.0,0.0,0.0,0.0,1.0,0.0,0.0,0.0,0.0,0.0
500116.0,District 3,Lique Street,Commercial,0.0,0.0,0.0,6.0,3.0,11.0,6.0,2.0,11.0,2.0,2.0,3.0,0.0
500117.0,District 3,Altarejos Street,Commercial,0.0,38.0,30.0,63.0,31.0,63.0,46.0,74.0,63.0,27.0,36.0,52.0,0.0
500118.0,District 3,Altarejos Street,Residential,0.0,50.0,24.0,58.0,29.0,35.0,29.0,27.0,28.0,19.0,22.0,26.0,0.0
500119.0,District 3,Lique Street,Residential,0.0,0.0,0.0,0.0,0.0,0.0,0.0,0.0,1.0,1.0,0.0,0.0,0.0
500120.0,District 4,Flores Street,Residential,37.0,42.0,55.0,0.0,0.0,0.0,174.0,33.0,45.0,23.0,35.0,25.0,37.0
500121.0,District 2,Don Juan Street,Residential,,,,,,,,,,0.0,0.0,0.0,
500122.0,District 3,Letada Street,Residential,0.0,76.0,0.0,124.0,62.0,54.0,31.0,36.0,46.0,41.0,45.0,54.0,0.0
500123.0,District 3,Bartolay Street,Residential,0.0,85.0,0.0,156.0,78.0,50.0,56.0,44.0,68.0,69.0,86.0,54.0,0.0
500124.0,District 3,Letada Street,Residential,0.0,8.0,0.0,21.0,11.0,13.0,5.0,5.0,6.0,4.0,3.0,5.0,0.0
500125.0,District 1,Bartolay Street,Residential,0.0,1.0,0.0,0.0,0.0,0.0,4.0,10.0,9.0,5.0,6.0,7.0,0.0
500126.0,District 3,Letada Street,Residential,0.0,12.0,0.0,59.0,29.0,47.0,15.0,13.0,0.0,0.0,12.0,10.0,0.0
500127.0,District 4,Flores Street,Residential,14.0,13.0,19.0,22.0,11.0,8.0,5.0,6.0,6.0,8.0,8.0,6.0,14.0
500128.0,District 2,Bailon Street,Residential,42.0,0.0,0.0,0.0,0.0,41.0,50.0,60.0,45.0,13.0,40.0,0.0,42.0
500129.0,District 3,Altarejos Street,Commercial,0.0,124.0,52.0,65.0,33.0,37.0,31.0,38.0,34.0,21.0,22.0,27.0,0.0
500131.0,,Moyot Street,Residential,0.0,34.0,0.0,82.0,41.0,41.0,28.0,26.0,24.0,71.0,60.0,0.0,0.0
500132.0,,Moyot Street,Residential,0.0,0.0,0.0,0.0,0.0,0.0,0.0,0.0,0.0,0.0,0.0,0.0,0.0
500133.0,District 4,Bartolay Street,Residential,0.0,16.0,0.0,14.0,7.0,17.0,11.0,0.0,0.0,0.0,14.0,7.0,0.0
500134.0,District 3,Letada Street,Residential,8.0,5.5,0.0,26.0,13.0,12.5,8.0,11.0,9.0,4.5,9.0,7.0,8.0
500135.0,District 2,Jones Street,Commercial,6.0,4.0,0.0,20.0,10.0,13.0,9.0,18.0,16.0,17.0,8.0,10.0,6.0
500136.0,District 3,Espinosa Street,Residential,0.0,0.0,0.0,0.0,0.0,0.0,0.0,0.0,0.0,0.0,0.0,0.0,0.0
500137.0,District 3,Altarejos Street,Commercial,0.0,57.0,46.0,27.0,13.0,25.0,17.0,14.0,15.0,13.0,18.0,24.0,0.0
500138.0,District 2,Balcavem Street,Residential,16.0,7.0,12.0,22.0,11.0,21.0,13.0,13.0,21.0,10.0,15.0,13.0,16.0
500139.0,District 3,Espinosa Street,Residential,3.5,0.0,0.0,0.0,0.0,0.0,0.0,0.0,0.0,0.0,0.0,0.0,3.5
500140.0,District 3,Altarejos Street,Residential,0.0,45.0,50.0,59.0,29.0,34.0,30.0,38.0,37.0,4.0,0.0,2.0,0.0
500141.0,District 4,Flores Street,Commercial,26.0,44.0,36.0,67.0,33.0,56.0,27.0,27.0,37.0,19.0,22.0,23.0,26.0
500142.0,District 3,Letada Street,Residential,0.0,5.0,0.0,63.0,31.0,41.0,15.0,12.0,41.0,16.0,12.0,14.0,0.0
500143.0,District 2,Don Juan Street,Residential,0.0,9.0,0.0,34.0,17.0,18.0,14.0,19.0,14.0,21.0,0.0,0.0,0.0
500144.0,District 3,Altarejos Street,Residential,0.0,46.0,17.0,44.0,22.0,29.0,24.0,30.0,29.0,19.0,17.0,23.0,0.0
500145.0,District 1,Bailon Street,Residential,73.0,27.0,0.0,88.0,44.0,33.0,30.0,20.0,12.0,6.0,12.0,0.0,73.0
500146.0,District 3,Alicante Street,Residential,0.0,38.0,26.0,50.0,25.0,32.0,18.0,26.0,31.0,16.0,17.0,21.0,0.0
500147.0,District 3,Amican Street,Residential,0.0,2.0,0.0,3.0,1.0,9.0,12.0,16.0,28.0,17.0,11.0,3.0,0.0
500148.0,District 3,Amican Street,Residential,0.0,34.0,15.0,62.0,31.0,39.0,27.0,22.0,31.0,18.0,17.0,14.0,0.0
500149.0,District 3,Altarejos Street,Residential,0.0,0.0,0.0,0.0,0.0,0.0,0.0,0.0,0.0,0.0,0.0,0.0,0.0
500150.0,District 3,Flores Street,Residential,71.0,45.0,55.0,91.0,45.0,43.0,22.0,18.0,0.0,0.0,0.0,0.0,71.0
500151.0,District 3,Letada Street,Residential,0.0,20.0,0.0,45.0,23.0,0.0,0.0,19.0,16.0,19.0,14.0,14.0,0.0
500152.0,District 2,Jones Street,Residential,0.0,0.0,0.0,0.0,0.0,0.0,0.0,0.0,0.0,0.0,0.0,0.0,0.0
500153.0,District 4,Esparrago Street,Residential,33.0,0.0,38.0,35.0,17.0,27.0,23.0,21.0,29.0,0.0,30.0,29.0,33.0
500154.0,District 3,Bartolay Street,Residential,0.0,11.0,0.0,10.0,5.0,9.0,9.0,0.0,4.0,4.0,13.0,4.0,0.0
500155.0,District 3,Altarejos Street,Residential,0.0,54.0,14.0,40.0,20.0,17.0,9.0,14.0,13.0,7.0,8.0,11.0,0.0
500156.0,District 3,Altarejos Street,Residential,0.0,50.0,14.0,37.0,19.0,32.0,20.0,23.0,29.0,19.0,17.0,29.0,0.0
500157.0,District 3,Amican Street,Residential,0.0,44.0,20.0,25.0,13.0,9.0,10.0,12.0,33.0,16.0,12.0,11.0,0.0
500158.0,District 3,Altarejos Street,Commercial,0.0,0.0,0.0,0.0,0.0,0.0,0.0,0.0,0.0,0.0,0.0,0.0,0.0
500159.0,District 3,Letada Street,Residential,0.0,142.0,0.0,255.0,127.0,154.0,92.0,68.0,65.0,57.0,90.0,73.0,0.0
500160.0,District 3,Amican Street,Residential,0.0,86.0,56.0,99.0,49.0,59.0,48.0,58.0,34.0,24.0,35.0,30.0,0.0
500161.0,District 3,Amican Street,Residential,0.0,27.0,11.0,31.0,15.0,20.0,11.0,11.0,16.0,7.0,10.0,5.0,0.0
500162.0,District 3,Amican Street,Residential,0.0,24.0,8.0,29.0,15.0,25.0,20.0,20.0,8.0,30.0,4.0,2.0,0.0
500163.0,District 1,Lique Street,Residential,0.0,38.0,25.0,55.0,27.0,32.0,23.0,26.0,29.0,10.0,23.0,12.0,0.0
500165.0,District 2,Jones Street,Residential,18.0,17.0,21.0,41.0,21.0,22.0,21.0,22.0,28.0,17.0,20.0,21.0,18.0
500166.0,District 3,Letada Street,Residential,0.0,0.0,0.0,0.0,0.0,11.0,7.0,6.0,9.0,7.0,7.0,8.0,0.0
500167.0,District 3,Lique Street,Residential,0.0,58.0,17.0,51.0,25.0,27.0,22.0,21.0,27.0,14.0,12.0,18.0,0.0
500168.0,District 3,Letada Street,Residential,0.0,17.0,0.0,47.0,23.0,26.0,15.0,17.0,18.0,9.0,16.0,23.0,0.0
500169.0,District 4,Alicante Street,Residential,0.0,35.0,0.0,0.0,0.0,49.0,3.0,4.0,0.0,0.0,0.0,0.0,0.0
500170.0,District 4,Alicante Street,Residential,0.0,61.0,0.0,107.0,53.0,48.0,28.0,37.0,60.0,36.0,37.0,45.0,0.0
500171.0,District 3,Altarejos Street,Residential,0.0,63.0,37.0,39.0,19.0,17.0,21.0,27.0,29.0,8.0,17.0,17.0,0.0
500172.0,District 3,Altarejos Street,Residential,0.0,0.0,0.0,0.0,0.0,55.0,9.0,21.0,21.0,14.0,15.0,18.0,0.0
500173.0,District 2,Jones Street,Residential,19.0,12.0,20.0,48.0,24.0,26.0,21.0,22.0,28.0,15.0,22.0,17.0,19.0
500174.0,District 2,Don Juan Street,Residential,0.0,0.0,0.0,0.0,0.0,0.0,0.0,0.0,68.0,0.0,103.0,55.0,0.0
500175.0,,Moyot Street,Residential,10.0,9.0,9.0,14.0,7.0,11.0,9.0,9.0,10.0,6.0,10.0,13.0,10.0
500176.0,District 3,Letada Street,Residential,0.0,33.0,0.0,297.0,149.0,76.0,28.0,35.0,48.0,36.0,36.0,31.0,0.0
500177.0,District 3,Flores Street,Residential,73.0,40.0,59.0,126.0,63.0,83.0,53.0,71.0,43.0,38.0,32.0,24.0,73.0
500178.0,District 4,Alicante Street,Residential,0.0,74.0,0.0,124.0,62.0,58.0,31.0,47.0,69.0,47.0,51.0,58.0,0.0
500179.0,District 3,Bartolay Street,Residential,0.0,27.0,0.0,40.0,20.0,14.0,12.0,11.0,14.0,9.0,15.0,10.0,0.0
500180.0,District 3,Espinosa Street,Commercial,20.0,14.0,24.0,56.0,28.0,13.0,19.0,15.0,23.0,19.0,4.0,8.0,20.0
500181.0,District 3,Amican Street,Residential,0.0,13.0,7.0,17.0,9.0,12.0,8.0,4.0,12.0,12.0,16.0,10.0,0.0
500182.0,District 3,Letada Street,Residential,0.0,9.0,0.0,13.0,7.0,11.0,5.0,7.0,7.0,5.0,5.0,5.0,0.0
500183.0,District 3,Esparrago Street,Residential,0.0,0.0,0.0,0.0,0.0,1.0,2.0,0.0,0.0,4.0,0.0,0.0,0.0
500184.0,District 3,Balintong Street,Residential,0.0,26.0,0.0,58.0,29.0,39.0,23.0,29.0,65.0,30.0,25.0,15.0,0.0
500185.0,District 3,Alicante Street,Residential,0.0,0.0,21.0,9.0,5.0,7.0,5.0,6.0,9.0,4.0,5.0,0.0,0.0
500186.0,District 3,Altarejos Street,Commercial,0.0,0.0,11.0,26.0,13.0,12.0,16.0,23.0,23.0,14.0,16.0,24.0,0.0
500187.0,District 3,Alicante Street,Residential,0.0,0.0,0.0,0.0,0.0,0.0,8.0,1.0,8.0,0.0,0.0,0.0,0.0
500188.0,District 3,Amican Street,Commercial,0.0,97.0,53.0,79.0,39.0,77.0,71.0,80.0,54.0,33.0,40.0,30.0,0.0
500189.0,,Moyot Street,Residential,9.0,8.0,10.0,11.0,5.0,20.0,15.0,13.0,14.0,8.0,15.0,17.0,9.0
500190.0,District 3,Altarejos Street,Residential,0.0,93.0,53.0,106.0,53.0,53.0,49.0,67.0,69.0,41.0,29.0,38.0,0.0
500191.0,District 1,Lique Street,Residential,0.0,0.0,0.0,0.0,0.0,0.0,0.0,0.0,0.0,0.0,0.0,0.0,0.0
500192.0,District 4,Bartolay Street,Residential,0.0,25.0,0.0,37.0,19.0,14.0,21.0,11.0,17.0,10.0,10.0,11.0,0.0
500193.0,District 4,Grafilo Street,Residential,0.0,23.0,0.0,40.0,20.0,31.0,24.0,0.0,29.0,6.0,14.0,12.0,0.0
500194.0,,Moyot Street,Residential,0.0,0.0,0.0,0.0,0.0,0.0,0.0,0.0,9.0,5.0,11.0,18.0,0.0
500197.0,District 3,Esparrago Street,Residential,50.0,22.0,50.0,48.0,24.0,29.0,28.0,22.0,35.0,19.0,31.0,38.0,50.0
500198.0,District 2,Jones Street,Residential,40.0,39.0,56.0,84.0,42.0,52.0,0.0,78.0,69.0,40.0,23.0,39.0,40.0
500199.0,District 3,Altarejos Street,Residential,0.0,0.0,0.0,0.0,0.0,0.0,0.0,0.0,0.0,18.0,51.0,75.0,0.0
500200.0,District 3,Altarejos Street,Residential,0.0,15.0,7.0,21.0,11.0,12.0,10.0,11.0,11.0,17.0,8.0,13.0,0.0
500201.0,District 3,Bartolay Street,Residential,0.0,47.0,0.0,51.0,25.0,8.0,10.0,16.0,20.0,15.0,12.0,10.0,0.0
500203.0,District 4,Alicante Street,Residential,0.0,0.0,3.0,0.0,0.0,0.0,0.0,0.0,0.0,0.0,0.0,0.0,0.0
500204.0,District 3,Altarejos Street,Commercial,0.0,18.0,11.0,32.0,16.0,19.0,17.0,21.0,22.0,15.0,14.0,19.0,0.0
500205.0,District 3,Altarejos Street,Residential,0.0,6.0,9.0,3.0,1.0,0.0,1.0,3.0,6.0,5.0,6.0,14.0,0.0
500206.0,District 3,Letada Street,Residential,0.0,60.0,0.0,64.0,32.0,33.0,14.0,19.0,20.0,16.0,18.0,24.0,0.0
500209.0,District 3,Bartolay Street,Residential,0.0,40.0,0.0,74.0,37.0,26.0,26.0,27.0,26.0,19.0,26.0,21.0,0.0
500210.0,District 1,Bailon Street,Commercial,0.0,0.0,0.0,63.0,31.0,31.0,23.0,18.0,36.0,20.0,17.0,15.0,0.0
500211.0,,Moyot Street,Residential,0.0,0.0,0.0,0.0,0.0,0.0,0.0,0.0,22.0,9.0,16.0,18.0,0.0
500212.0,,Moyot Street,Residential,11.0,15.0,10.0,18.0,9.0,11.0,9.0,9.0,13.0,8.0,13.0,12.0,11.0
500213.0,District 3,Balintong Street,Residential,0.0,11.0,0.0,0.0,0.0,0.0,0.0,42.0,0.0,11.0,7.0,6.0,0.0
500214.0,District 3,Balintong Street,Residential,0.0,0.0,0.0,0.0,0.0,0.0,0.0,0.0,0.0,0.0,0.0,0.0,0.0
500215.0,District 3,Altarejos Street,Residential,0.0,12.0,9.0,17.0,9.0,9.0,8.0,11.0,12.0,2.0,16.0,19.0,0.0
500216.0,District 3,Lique Street,Residential,0.0,0.0,53.0,91.0,45.0,46.0,49.0,40.0,53.0,32.0,36.0,49.0,0.0
500218.0,District 3,Bartolabac Street,Residential,0.0,39.0,17.0,38.0,19.0,22.0,16.0,13.0,20.0,20.0,17.0,13.0,0.0
500219.0,District 4,Barsaga Street,Residential,0.0,31.0,0.0,60.0,30.0,19.0,16.0,19.0,0.0,32.0,20.0,17.0,0.0
500220.0,District 1,Bailon Street,Residential,0.0,3.0,0.0,51.0,25.0,32.0,0.0,46.0,0.0,0.0,0.0,0.0,0.0
500221.0,District 3,Lique Street,Residential,0.0,24.0,10.0,28.0,14.0,18.0,12.0,12.0,21.0,12.0,13.0,14.0,0.0
500222.0,District 1,Bailon Street,Residential,0.0,0.0,0.0,0.0,0.0,0.0,0.0,0.0,129.0,37.0,32.0,44.0,0.0
500223.0,District 1,Bailon Street,Residential,11.0,15.0,0.0,220.0,110.0,0.0,0.0,0.0,0.0,26.0,24.0,17.0,11.0
500224.0,District 1,Bailon Street,Commercial,33.0,15.0,0.0,52.0,26.0,13.0,2.0,10.0,14.0,13.0,24.0,20.0,33.0
500226.0,District 4,Villamor Street,Residential,0.0,9.0,0.0,12.0,6.0,5.0,3.0,3.0,5.0,2.0,5.0,4.0,0.0
500227.0,,Moyot Street,Residential,0.0,0.0,0.0,0.0,0.0,0.0,0.0,0.0,0.0,0.0,0.0,0.0,0.0
500228.0,District 1,Bailon Street,Commercial,88.0,20.0,0.0,78.0,39.0,34.0,24.0,28.0,21.0,44.0,13.0,32.0,88.0
500229.0,District 1,Bailon Street,Residential,0.0,0.0,0.0,0.0,0.0,0.0,0.0,0.0,0.0,0.0,0.0,0.0,0.0
500230.0,District 1,Bailon Street,Residential,108.0,44.0,0.0,97.0,49.0,47.0,36.0,48.0,52.0,38.0,48.0,64.0,108.0
500231.0,District 1,Bailon Street,Commercial,3.0,2.0,0.0,2.0,1.0,0.0,0.0,18.0,6.0,9.0,1.0,3.0,3.0
500233.0,District 1,Bailon Street,Commercial,29.0,3.0,0.0,8.0,4.0,1.0,0.0,0.0,0.0,0.0,0.0,0.0,29.0
500235.0,District 4,Esparrago Street,Residential,33.0,20.0,26.0,35.0,17.0,22.0,21.0,17.0,27.0,16.0,20.0,32.0,33.0
500236.0,District 3,Letada Street,Residential,0.0,9.0,0.0,18.0,9.0,5.0,5.0,2.0,4.0,1.0,3.0,0.0,0.0
500238.0,District 4,Esparrago Street,Residential,17.0,7.0,8.0,20.0,10.0,12.0,11.0,8.0,12.0,8.0,14.0,17.0,17.0
500239.0,District 2,Jones Street,Residential,2.0,0.0,0.0,2.0,1.0,1.0,0.0,0.0,0.0,1.0,0.0,0.0,2.0
500240.0,,Moyot Street,Residential,38.0,0.0,10.0,53.0,27.0,40.0,32.0,32.0,42.0,33.0,27.0,17.0,38.0
500241.0,District 4,Alicante Street,Residential,0.0,55.0,0.0,142.0,71.0,62.0,31.0,39.0,41.0,42.0,24.0,34.0,0.0
500242.0,District 3,Letada Street,Residential,0.0,31.0,0.0,56.0,28.0,45.0,20.0,29.0,30.0,20.0,24.0,22.0,0.0
500243.0,District 3,Amican Street,Residential,0.0,47.0,21.0,66.0,33.0,53.0,40.0,49.0,78.0,93.0,126.0,86.0,0.0
500245.0,District 2,Don Juan Street,Residential,0.0,23.0,0.0,36.0,18.0,13.0,10.0,11.0,15.0,0.0,17.0,10.0,0.0
500246.0,,Moyot Street,Residential,4.0,9.0,0.0,33.0,17.0,21.0,15.0,11.0,14.0,11.0,5.0,9.0,4.0
500247.0,District 3,Letada Street,Residential,0.0,21.0,0.0,46.0,23.0,18.0,9.0,14.0,15.0,7.0,10.0,8.0,0.0
500248.0,District 2,Alicante Street,Residential,0.0,33.0,31.0,78.0,39.0,43.0,11.0,29.0,42.0,23.0,29.0,30.0,0.0
500249.0,District 2,Alicante Street,Residential,0.0,15.0,10.0,11.0,5.0,11.0,1.0,6.0,12.0,9.0,12.0,11.0,0.0
500250.0,District 2,Alicante Street,Residential,0.0,33.0,19.0,64.0,32.0,36.0,33.0,29.0,34.0,15.0,17.0,20.0,0.0
500251.0,District 2,Alicante Street,Residential,0.0,70.0,37.0,76.0,38.0,70.0,37.0,38.0,56.0,37.0,55.0,54.0,0.0
500252.0,District 1,Bartolay Street,Residential,0.0,42.0,0.0,0.0,0.0,28.0,9.0,11.0,13.0,9.0,12.0,11.0,0.0
500253.0,District 3,Balintong Street,Residential,0.0,46.0,0.0,23.0,11.0,0.0,23.0,2.0,11.0,24.0,40.0,40.0,0.0
500254.0,District 2,Alicante Street,Residential,0.0,28.0,7.0,2.0,1.0,0.0,0.0,0.0,0.0,3.0,8.0,3.0,0.0
500255.0,District 1,Bartolay Street,Residential,0.0,19.0,0.0,26.0,13.0,8.0,11.0,13.0,13.0,8.0,9.0,8.0,0.0
500256.0,District 1,Lique Street,Commercial,0.0,13.0,9.0,24.0,12.0,15.0,10.0,14.0,18.0,94.0,19.0,17.0,0.0
500257.0,District 3,Balintong Street,Residential,0.0,35.0,0.0,102.0,51.0,67.0,37.0,20.0,41.0,29.0,32.0,31.0,0.0
500258.0,District 3,Altarejos Street,Residential,0.0,62.0,26.0,49.0,25.0,33.0,34.0,33.0,40.0,21.0,19.0,34.0,0.0
500259.0,District 1,Lique Street,Residential,0.0,14.0,17.0,18.0,9.0,10.0,6.0,4.0,13.0,7.0,6.0,11.0,0.0
500260.0,District 2,Alicante Street,Residential,0.0,0.0,0.0,0.0,0.0,0.0,983.0,3.0,108.0,37.0,37.0,30.0,0.0
500261.0,District 2,Esparrago Street,Residential,0.0,0.0,0.0,0.0,0.0,0.0,0.0,0.0,0.0,0.0,3.0,10.0,0.0
500262.0,District 2,Alicante Street,Residential,0.0,0.0,17.0,26.0,13.0,19.0,10.0,13.0,19.0,3.0,11.0,12.0,0.0
500263.0,District 2,Alicante Street,Commercial,0.0,0.0,43.0,25.0,13.0,134.0,15.0,14.0,60.0,55.0,61.0,64.0,0.0
500264.0,District 2,Alicante Street,Residential,0.0,53.0,35.0,74.0,37.0,43.0,23.0,0.0,0.0,0.0,43.0,43.0,0.0
500265.0,District 2,Alicante Street,Residential,0.0,0.0,0.0,0.0,0.0,0.0,0.0,0.0,0.0,0.0,0.0,0.0,0.0
500266.0,District 2,Alicante Street,Residential,19.0,10.0,16.0,27.0,13.0,18.0,0.0,0.0,10.0,21.0,13.0,14.0,19.0
500267.0,District 2,Jones Street,Residential,22.0,25.0,40.0,39.0,19.0,19.0,15.0,22.0,42.0,30.0,26.0,9.0,22.0
500268.0,District 1,Gutierrez Street,Residential,0.0,19.0,0.0,31.0,15.0,6.0,10.0,9.0,0.0,17.0,10.0,8.0,0.0
500269.0,District 1,Gutierrez Street,Residential,0.0,67.0,0.0,100.0,50.0,36.0,34.0,35.0,47.0,28.0,29.0,28.0,0.0
500270.0,District 2,Alicante Street,Residential,0.0,30.0,22.0,42.0,21.0,30.0,16.0,17.0,26.0,20.0,21.0,16.0,0.0
500271.0,District 1,Alicante Street,Residential,0.0,0.0,0.0,0.0,0.0,0.0,0.0,0.0,0.0,0.0,0.0,0.0,0.0
500272.0,District 2,Jones Street,Residential,0.0,17.0,12.0,21.0,11.0,12.0,13.0,10.0,12.0,8.0,12.0,12.0,0.0
500274.0,District 1,Bailon Street,Commercial,96.0,42.0,0.0,118.0,59.0,37.0,37.0,33.0,38.0,32.0,30.0,33.0,96.0
500275.0,District 2,Don Juan Street,Residential,0.0,0.0,0.0,0.0,0.0,0.0,0.0,0.0,0.0,0.0,0.0,0.0,0.0
500276.0,District 2,Don Juan Street,Residential,0.0,34.0,0.0,48.0,24.0,20.0,12.0,11.0,19.0,7.0,13.0,9.0,0.0
500277.0,District 2,Don Juan Street,Residential,0.0,0.0,0.0,0.0,0.0,0.0,9.0,15.0,20.0,18.0,16.0,29.0,0.0
500278.0,District 2,Alicante Street,Residential,0.0,24.0,25.0,27.0,13.0,26.0,16.0,18.0,31.0,17.0,26.0,24.0,0.0
500280.0,District 1,Lique Street,Residential,0.0,7.0,5.0,1.0,1.0,34.0,4.0,5.0,1.0,2.0,0.0,1.0,0.0
500282.0,,Gutierrez Street,Residential,0.0,0.0,0.0,0.0,0.0,0.0,0.0,16.0,45.0,18.0,27.0,20.0,0.0
500283.0,,Gutierrez Street,Residential,0.0,25.0,0.0,40.0,20.0,11.0,12.0,22.0,29.0,17.0,10.0,11.0,0.0
500284.0,District 2,Alicante Street,Commercial,0.0,247.0,155.0,334.0,167.0,203.0,108.0,125.0,185.0,118.0,157.0,150.0,0.0
500285.0,,Gutierrez Street,Residential,0.0,0.0,0.0,0.0,0.0,0.0,16.0,0.0,0.0,0.0,0.0,0.0,0.0
500286.0,District 3,Bartolabac Street,Residential,0.0,43.0,18.0,39.0,19.0,25.0,28.0,13.0,29.0,22.0,33.0,22.0,0.0
500287.0,District 3,Bartolabac Street,Residential,0.0,31.0,12.0,28.0,14.0,16.0,16.0,18.0,21.0,12.0,14.0,10.0,0.0
500288.0,District 1,Bailon Street,Commercial,14.0,0.0,0.0,27.0,13.0,4.0,4.0,5.0,7.0,3.0,5.0,5.0,14.0
500289.0,,Gutierrez Street,Residential,0.0,75.0,0.0,123.0,61.0,28.0,18.0,18.0,26.0,15.0,25.0,22.0,0.0
500290.0,District 1,Bartolay Street,Residential,0.0,0.0,0.0,0.0,0.0,0.0,0.0,0.0,0.0,0.0,0.0,0.0,0.0
500291.0,District 2,Jones Street,Residential,25.0,12.0,20.0,45.0,23.0,36.0,40.0,25.0,30.0,29.0,22.0,33.0,25.0
500292.0,District 1,Espinosa Street,Residential,16.0,12.0,0.0,0.0,0.0,39.0,8.0,5.0,7.0,4.0,6.0,5.0,16.0
500293.0,,Bartolabac Street,Residential,0.0,0.0,16.0,48.0,24.0,20.0,15.0,13.0,21.0,16.0,12.0,26.0,0.0
500295.0,,Bartolabac Street,Residential,0.0,60.0,26.0,39.0,19.0,23.0,18.0,21.0,0.0,0.0,0.0,0.0,0.0
500296.0,,Bartolabac Street,Commercial,0.0,43.0,19.0,54.0,27.0,32.0,26.0,21.0,21.0,12.0,18.0,15.0,0.0
500297.0,District 1,Bailon Street,Commercial,13.0,6.0,0.0,14.0,7.0,7.0,4.0,7.0,7.0,5.0,5.0,5.0,13.0
500300.0,District 1,Bailon Street,Residential,77.0,30.0,0.0,71.0,35.0,26.0,26.0,21.0,33.0,26.0,19.0,21.0,77.0
500301.0,District 3,Bartolabac Street,Residential,0.0,307.0,153.0,265.0,133.0,159.0,128.0,122.0,134.0,85.0,132.0,94.0,0.0
500302.0,District 1,Bartolay Street,Residential,0.0,0.0,0.0,0.0,0.0,0.0,0.0,0.0,0.0,0.0,0.0,0.0,0.0
500303.0,District 4,Bartolay Street,Residential,0.0,35.0,0.0,28.0,14.0,11.0,11.0,9.0,12.0,9.0,15.0,15.0,0.0
500304.0,District 1,Bailon Street,Commercial,0.0,41.0,0.0,45.0,23.0,0.0,31.0,0.0,37.0,18.0,12.0,18.0,0.0
500305.0,District 2,Fabmar Street,Residential,0.0,0.0,0.0,60.0,30.0,34.0,34.0,57.0,88.0,29.0,60.0,56.0,0.0
500306.0,District 1,Bartolay Street,Residential,0.0,0.0,0.0,0.0,0.0,0.0,16.0,15.0,9.0,22.0,19.0,23.0,0.0
500307.0,District 2,Fabmar Street,Residential,24.0,14.0,20.0,55.0,27.0,22.0,21.0,18.0,22.0,11.0,25.0,22.0,24.0
500308.0,District 1,Bartolay Street,Residential,0.0,13.0,0.0,27.0,13.0,21.0,23.0,30.0,41.0,20.0,31.0,33.0,0.0
500309.0,,Bartolabac Street,Residential,0.0,47.0,20.0,36.0,18.0,19.0,21.0,25.0,30.0,28.0,28.0,19.0,0.0
500311.0,District 4,Lique Street,Residential,0.0,31.0,3.0,50.0,25.0,25.0,15.0,11.0,10.0,5.0,8.0,15.0,0.0
500312.0,District 1,Bailon Street,Residential,96.0,35.0,0.0,78.0,39.0,38.0,32.0,35.0,31.0,30.0,28.0,28.0,96.0
500313.0,District 2,Fabmar Street,Residential,15.0,8.0,10.0,32.0,16.0,10.0,4.0,7.0,9.0,3.0,5.0,6.0,15.0
500314.0,District 2,Fabmar Street,Residential,2.0,1.0,4.0,4.0,2.0,2.0,1.0,1.0,2.0,0.0,2.0,0.0,2.0
500316.0,District 3,Alicante Street,Residential,0.0,0.0,0.0,40.0,20.0,22.0,6.0,21.0,22.0,12.0,15.0,17.0,0.0
500318.0,District 2,Fabmar Street,Commercial,2.0,1.0,0.0,0.0,0.0,1.0,0.0,1.0,1.0,0.0,0.0,0.0,2.0
500319.0,District 3,Bartolabac Street,Residential,0.0,16.0,10.0,22.0,11.0,22.0,9.0,5.0,72.0,12.0,11.0,8.0,0.0
500320.0,District 1,Esparrago Street,Residential,0.0,0.0,0.0,0.0,0.0,0.0,0.0,0.0,0.0,0.0,0.0,0.0,0.0
500321.0,District 1,Esparrago Street,Residential,35.0,22.0,36.0,35.0,17.0,27.0,24.0,20.0,34.0,14.0,27.0,29.0,35.0
500322.0,,Bartolabac Street,Residential,0.0,49.0,19.0,44.0,22.0,18.0,11.0,10.0,17.0,24.0,12.0,8.0,0.0
500323.0,District 1,Esparrago Street,Residential,23.0,11.0,19.0,35.0,17.0,0.0,55.0,56.0,39.0,21.0,9.0,76.0,23.0
500324.0,District 2,Don Juan Street,Residential,0.0,26.0,0.0,20.0,10.0,7.0,4.0,5.0,9.0,6.0,15.0,12.0,0.0
500325.0,District 2,Esparrago Street,Commercial,24.0,15.0,21.0,43.0,21.0,30.0,26.0,18.0,48.0,18.0,24.0,28.0,24.0
500326.0,District 3,Balintong Street,Residential,0.0,33.0,0.0,79.0,39.0,29.0,0.0,35.0,12.0,16.0,0.0,28.0,0.0
500327.0,District 2,Fabmar Street,Residential,25.0,17.0,17.0,34.0,17.0,11.0,9.0,9.0,16.0,7.0,12.0,0.0,25.0
500328.0,District 1,Bailon Street,Commercial,0.0,0.0,0.0,0.0,0.0,12.0,0.0,83.0,9.0,0.0,0.0,0.0,0.0
500329.0,,Moyot Street,Residential,0.0,0.0,0.0,0.0,0.0,0.0,41.0,42.0,41.0,21.0,69.0,87.0,0.0
500330.0,District 2,Alicante Street,Commercial,0.0,36.0,18.0,0.0,0.0,36.0,28.0,65.0,58.0,33.0,53.0,60.0,0.0
500331.0,District 2,Fabmar Street,Residential,38.0,21.0,28.0,69.0,35.0,23.0,21.0,43.0,64.0,21.0,33.0,30.0,38.0
500333.0,District 2,Bailon Street,Commercial,0.0,0.0,0.0,0.0,0.0,0.0,0.0,0.0,0.0,0.0,1.0,2.0,0.0
500334.0,District 2,Fabmar Street,Residential,39.0,22.0,33.0,78.0,39.0,32.0,24.0,29.0,45.0,19.0,29.0,22.0,39.0
500335.0,District 2,Bailon Street,Commercial,54.0,29.0,0.0,220.0,110.0,116.0,33.0,98.0,78.0,33.0,22.0,37.0,54.0
500336.0,,Gutierrez Street,Residential,0.0,24.0,0.0,34.0,17.0,11.0,13.0,13.0,21.0,6.0,10.0,9.0,0.0
500337.0,District 1,Gutierrez Street,Residential,0.0,78.0,0.0,139.0,69.0,43.0,70.0,77.0,125.0,57.0,128.0,113.0,0.0
500338.0,District 1,Gutierrez Street,Residential,0.0,146.0,0.0,276.0,138.0,93.0,70.0,65.0,89.0,40.0,65.0,26.0,0.0
500339.0,District 2,Jones Street,Residential,29.0,21.0,45.0,55.0,27.0,70.0,46.0,37.0,40.0,29.0,42.0,47.0,29.0
500340.0,District 2,Alicante Street,Residential,0.0,63.0,0.0,144.0,72.0,67.0,56.0,48.0,73.0,41.0,53.0,57.0,0.0
500341.0,District 3,Letada Street,Residential,0.0,46.0,0.0,82.0,41.0,33.0,20.0,24.0,20.0,7.0,8.0,8.0,0.0
500343.0,District 2,Jones Street,Residential,19.0,4.0,4.0,3.0,1.0,7.0,1.0,3.0,4.0,0.0,0.0,0.0,19.0
500344.0,District 2,Jones Street,Residential,13.0,12.0,0.0,46.0,23.0,20.0,11.0,16.0,24.0,11.0,16.0,14.0,13.0
500346.0,District 4,Villamor Street,Residential,0.0,33.0,0.0,95.0,47.0,33.0,22.0,38.0,37.0,2.0,23.0,0.0,0.0
500347.0,District 2,Bailon Street,Residential,21.0,17.0,0.0,30.0,15.0,0.0,19.0,36.0,40.0,11.0,12.0,18.0,21.0
500348.0,District 2,Balcavem Street,Residential,19.0,9.0,14.0,21.0,11.0,12.0,9.0,4.0,10.0,5.0,9.0,7.0,19.0
500349.0,District 1,Bailon Street,Commercial,138.0,33.0,0.0,108.0,54.0,62.0,34.0,60.0,54.0,47.0,32.0,27.0,138.0
500351.0,District 2,Jones Street,Commercial,13.0,9.0,9.0,21.0,11.0,37.0,13.0,13.0,30.0,12.0,26.0,21.0,13.0
500352.0,District 2,Jones Street,Residential,7.0,7.0,11.0,21.0,11.0,10.0,6.0,8.0,11.0,5.0,10.0,8.0,7.0
500354.0,District 2,Fabmar Street,Residential,52.0,24.0,30.0,64.0,32.0,26.0,21.0,33.0,52.0,21.0,30.0,30.0,52.0
500355.0,District 1,Bailon Street,Commercial,0.0,0.0,0.0,148.0,74.0,0.0,0.0,0.0,0.0,1.0,1.0,28.0,0.0
500356.0,District 1,Alicante Street,Residential,0.0,14.0,5.0,7.0,3.0,10.0,4.0,6.0,22.0,14.0,8.0,13.0,0.0
500359.0,District 3,Bartolay Street,Residential,0.0,34.0,0.0,41.0,21.0,15.0,8.0,9.0,12.0,8.0,13.0,17.0,0.0
500360.0,District 2,Balcavem Street,Residential,9.0,2.0,1.0,23.0,11.0,18.0,11.0,9.0,18.0,8.0,12.0,10.0,9.0
500361.0,District 1,Lique Street,Residential,0.0,59.0,30.0,59.0,29.0,39.0,29.0,22.0,42.0,20.0,18.0,29.0,0.0
500362.0,District 2,Balcavem Street,Residential,13.0,7.0,11.0,23.0,11.0,14.0,15.0,0.0,17.0,4.0,6.0,7.0,13.0
500363.0,District 2,Balcavem Street,Residential,23.0,7.0,13.0,19.0,9.0,15.0,9.0,9.0,17.0,7.0,11.0,10.0,23.0
500364.0,District 3,Bartolabac Street,Residential,0.0,37.0,10.0,0.0,0.0,107.0,0.0,33.0,36.0,27.0,37.0,20.0,0.0
500365.0,District 1,Bailon Street,Commercial,24.0,15.0,0.0,52.0,26.0,81.0,36.0,36.0,127.0,96.0,46.0,42.0,24.0
500366.0,District 3,Espinosa Street,Residential,16.0,9.0,0.0,44.0,22.0,12.0,19.0,17.0,26.0,18.0,28.0,21.0,16.0
500367.0,,Bartolabac Street,Residential,0.0,30.0,13.0,161.0,81.0,122.0,6.0,6.0,4.0,38.0,27.0,23.0,0.0
500368.0,District 3,Alicante Street,Residential,0.0,16.0,12.0,22.0,11.0,20.0,10.0,15.0,27.0,16.0,11.0,30.0,0.0
500370.0,District 1,Bailon Street,Commercial,0.0,87.0,0.0,0.0,0.0,114.0,23.0,0.0,55.0,27.0,21.0,0.0,0.0
500371.0,District 2,Bailon Street,Residential,17.0,13.0,0.0,58.0,29.0,19.0,12.0,18.0,21.0,21.0,18.0,16.0,17.0
500372.0,District 2,Bailon Street,Commercial,23.0,14.0,0.0,58.0,29.0,26.0,15.0,21.0,22.0,25.0,15.0,29.0,23.0
500373.0,District 2,Fabmar Street,Residential,21.0,17.0,18.0,51.0,25.0,10.0,7.0,19.0,25.0,14.0,13.0,11.0,21.0
500374.0,District 2,Bailon Street,Residential,55.0,32.0,0.0,93.0,47.0,29.0,13.0,23.0,42.0,51.0,23.0,45.0,55.0
500375.0,District 2,Esparrago Street,Residential,0.0,0.0,0.0,26.0,13.0,25.0,20.0,22.0,6.0,28.0,14.0,15.0,0.0
500377.0,District 2,Alicante Street,Residential,0.0,14.0,15.0,26.0,13.0,14.0,13.0,12.0,17.0,9.0,13.0,17.0,0.0
500378.0,District 2,Alicante Street,Residential,0.0,0.0,0.0,0.0,0.0,0.0,0.0,0.0,85.0,48.0,64.0,55.0,0.0
500380.0,District 2,Alicante Street,Residential,0.0,8.0,5.0,14.0,7.0,9.0,6.0,6.0,9.0,5.0,6.0,4.0,0.0
500381.0,District 2,Alicante Street,Residential,0.0,92.0,40.0,103.0,51.0,61.0,17.0,27.0,23.0,12.0,9.0,10.0,0.0
500382.0,,Gutierrez Street,Residential,0.0,41.0,0.0,44.0,22.0,15.0,17.0,16.0,24.0,11.0,16.0,15.0,0.0
500383.0,,Gutierrez Street,Residential,0.0,24.0,0.0,24.0,12.0,5.0,5.0,8.0,10.0,0.0,8.0,9.0,0.0
500384.0,,Gutierrez Street,Residential,0.0,40.0,0.0,59.0,29.0,19.0,24.0,24.0,27.0,13.0,25.0,20.0,0.0
500385.0,District 1,Lique Street,Residential,0.0,23.0,13.0,27.0,13.0,23.0,17.0,13.0,28.0,12.0,18.0,13.0,0.0
500386.0,District 1,Lique Street,Residential,0.0,20.0,12.0,18.0,9.0,12.0,9.0,6.0,11.0,8.0,9.0,12.0,0.0
500387.0,,Bartolabac Street,Residential,0.0,14.0,1.0,1.0,1.0,0.0,1.0,1.0,9.0,9.0,8.0,5.0,0.0
500388.0,District 1,Lique Street,Residential,0.0,16.0,11.0,22.0,11.0,3.0,2.0,9.0,17.0,12.0,33.0,24.0,0.0
500389.0,District 2,Bailon Street,Commercial,0.0,0.0,0.0,0.0,0.0,0.0,0.0,0.0,58.0,55.0,36.0,63.0,0.0
500390.0,District 2,Esparrago Street,Residential,37.0,24.0,28.0,33.0,17.0,24.0,30.0,50.0,23.0,91.0,50.0,70.0,37.0
500391.0,District 1,Espinosa Street,Residential,1.0,0.0,0.0,0.0,0.0,0.0,0.0,0.0,0.0,3.0,0.0,0.0,1.0
500392.0,,Gutierrez Street,Residential,0.0,73.0,0.0,116.0,58.0,31.0,38.0,35.0,43.0,29.0,35.0,27.0,0.0
500393.0,District 1,Bartolay Street,Residential,0.0,0.0,0.0,0.0,0.0,0.0,0.0,0.0,0.0,0.0,0.0,0.0,0.0
500394.0,District 2,Bailon Street,Commercial,0.0,0.0,0.0,29.0,15.0,4.0,0.0,10.0,8.0,10.0,5.0,10.0,0.0
500397.0,District 2,Jones Street,Residential,39.0,20.0,33.0,45.0,23.0,28.0,32.0,33.0,53.0,17.0,15.0,22.0,39.0
500398.0,District 2,Balcavem Street,Residential,15.0,8.0,0.0,0.0,0.0,0.0,0.0,0.0,0.0,4.0,7.0,11.0,15.0
500399.0,District 4,Alicante Street,Residential,0.0,0.0,0.0,0.0,0.0,0.0,0.0,0.0,0.0,0.0,0.0,0.0,0.0
500400.0,District 3,Flores Street,Residential,14.0,10.0,16.0,25.0,13.0,16.0,11.0,13.0,17.0,11.0,18.0,10.0,14.0
500402.0,District 4,Grafilo Street,Residential,0.0,87.0,0.0,147.0,73.0,68.0,53.0,0.0,99.0,37.0,78.0,51.0,0.0
500403.0,District 3,Letada Street,Residential,0.0,35.0,0.0,45.0,23.0,19.0,13.0,15.0,18.0,12.0,16.0,15.0,0.0
500404.0,District 1,Bailon Street,Commercial,0.0,23.0,0.0,50.0,25.0,14.0,7.0,15.0,34.0,17.0,12.0,13.0,0.0
500405.0,District 2,Alicante Street,Residential,0.0,14.0,8.0,14.0,7.0,9.0,6.0,5.0,9.0,5.0,8.0,7.0,0.0
500406.0,,Moyot Street,Residential,24.0,20.0,0.0,79.0,39.0,43.0,29.0,35.0,55.0,33.0,43.0,0.0,24.0
500407.0,District 2,Don Juan Street,Residential,0.0,0.0,0.0,0.0,0.0,0.0,0.0,0.0,0.0,21.0,37.0,8.0,0.0
500408.0,District 2,Alicante Street,Residential,0.0,3.0,6.0,23.0,11.0,13.0,1.0,8.0,4.0,5.0,5.0,6.0,0.0
500409.0,District 1,Lique Street,Residential,0.0,0.0,0.0,0.0,0.0,0.0,0.0,0.0,0.0,0.0,14.0,19.0,0.0
500410.0,District 2,Esparrago Street,Residential,0.0,0.0,0.0,0.0,0.0,0.0,0.0,0.0,0.0,0.0,0.0,0.0,0.0
500414.0,District 1,Bailon Street,Residential,99.0,35.0,0.0,117.0,59.0,49.0,38.0,52.0,53.0,42.0,35.0,40.0,99.0
500415.0,District 1,Bailon Street,Residential,29.0,9.0,0.0,26.0,13.0,0.0,0.0,10.0,8.0,9.0,6.0,7.0,29.0
500416.0,District 1,Bailon Street,Residential,102.0,38.0,0.0,109.0,55.0,43.0,31.0,28.0,71.0,44.0,32.0,38.0,102.0
500417.0,District 2,Jones Street,Residential,26.0,8.0,3.0,31.0,15.0,44.0,21.0,10.0,18.0,10.0,0.0,0.0,26.0
500418.0,District 3,Letada Street,Residential,0.0,31.0,0.0,54.0,27.0,27.0,20.0,31.0,38.0,31.0,32.0,38.0,0.0
500419.0,District 2,Bailon Street,Commercial,23.0,8.0,0.0,26.0,13.0,17.0,7.0,14.0,14.0,20.0,11.0,19.0,23.0
500420.0,District 1,Bailon Street,Commercial,79.0,55.0,0.0,129.0,65.0,32.0,41.0,54.0,35.0,35.0,26.0,28.0,79.0
500421.0,District 2,Jones Street,Residential,17.0,14.0,23.0,35.0,17.0,23.0,13.0,23.0,22.0,15.0,20.0,19.0,17.0
500423.0,,Gutierrez Street,Residential,0.0,61.0,0.0,109.0,55.0,30.0,0.0,0.0,112.0,19.0,25.0,26.0,0.0
500424.0,District 2,Jones Street,Residential,37.0,26.0,31.0,53.0,27.0,46.0,15.0,0.0,73.0,29.0,20.0,32.0,37.0
500425.0,District 2,Bailon Street,Commercial,136.0,102.0,0.0,1.0,1.0,11.0,7.0,0.0,0.0,0.0,0.0,0.0,136.0
500426.0,District 2,Jones Street,Residential,2.0,0.0,1.0,7.0,3.0,23.0,0.0,4.0,15.0,0.0,0.0,0.0,2.0
500427.0,District 3,Letada Street,Residential,0.0,31.0,0.0,48.0,24.0,18.0,9.0,13.0,17.0,13.0,17.0,14.0,0.0
500428.0,District 3,Balintong Street,Residential,0.0,10.0,0.0,21.0,11.0,11.0,5.0,6.0,7.0,5.0,7.0,7.0,0.0
500429.0,District 1,Gutierrez Street,Residential,0.0,26.0,0.0,40.0,20.0,17.0,21.0,24.0,33.0,17.0,23.0,21.0,0.0
500430.0,District 2,Bailon Street,Residential,48.0,25.0,0.0,113.0,57.0,11.0,34.0,36.0,34.0,33.0,22.0,37.0,48.0
500432.0,,Moyot Street,Residential,0.0,0.0,0.0,76.0,38.0,0.0,24.0,26.0,28.0,17.0,30.0,30.0,0.0
500433.0,District 2,Alicante Street,Residential,0.0,46.0,25.0,58.0,29.0,41.0,32.0,31.0,40.0,35.0,32.0,40.0,0.0
500434.0,District 2,Esparrago Street,Residential,34.0,8.0,8.0,28.0,14.0,25.0,13.0,15.0,18.0,10.0,14.0,17.0,34.0
500437.0,District 2,Jones Street,Residential,7.0,4.0,4.0,9.0,5.0,7.0,5.0,3.0,7.0,5.0,5.0,4.0,7.0
500438.0,District 2,Balcavem Street,Residential,0.0,0.0,0.0,0.0,0.0,0.0,0.0,0.0,0.0,0.0,0.0,0.0,0.0
500439.0,,Moyot Street,Residential,63.0,23.0,0.0,49.0,25.0,36.0,21.0,25.0,33.0,18.0,36.0,45.0,63.0
500440.0,District 3,Bartolabac Street,Residential,0.0,4.0,5.0,10.0,5.0,5.0,7.0,5.0,5.0,2.0,6.0,4.0,0.0
500441.0,,Bartolabac Street,Residential,0.0,130.0,68.0,109.0,55.0,47.0,33.0,43.0,37.0,22.0,48.0,37.0,0.0
500442.0,District 1,Bailon Street,Commercial,134.0,0.0,0.0,188.0,94.0,58.0,46.0,50.0,58.0,65.0,51.0,72.0,134.0
500443.0,District 3,Altarejos Street,Residential,0.0,50.0,1.0,0.0,0.0,2.0,0.0,0.0,6.0,6.0,14.0,2.0,0.0
500444.0,District 3,Balintong Street,Commercial,0.0,22.0,0.0,28.0,14.0,37.0,43.0,32.0,28.0,14.0,27.0,21.0,0.0
500445.0,District 2,Balcavem Street,Residential,25.0,14.0,0.0,402.0,201.0,29.0,26.0,15.0,28.0,10.0,18.0,21.0,25.0
500447.0,District 3,Altarejos Street,Residential,0.0,0.0,6.0,32.0,16.0,21.0,19.0,24.0,35.0,21.0,20.0,24.0,0.0
500449.0,District 2,Esparrago Street,Residential,64.0,34.0,44.0,73.0,37.0,48.0,36.0,0.0,77.0,24.0,51.0,57.0,64.0
500450.0,District 2,Fabmar Street,Residential,0.0,0.0,0.0,0.0,0.0,0.0,0.0,0.0,0.0,0.0,0.0,0.0,0.0
500451.0,District 2,Jones Street,Residential,11.0,9.0,13.0,0.0,0.0,42.0,9.0,15.0,23.0,10.0,15.0,13.0,11.0
500452.0,District 1,Lique Street,Residential,37.0,10.0,0.0,28.0,14.0,7.0,0.0,0.0,6.0,20.0,18.0,24.0,37.0
500454.0,District 2,Jones Street,Residential,11.0,11.0,17.0,23.0,11.0,15.0,13.0,19.0,25.0,14.0,19.0,19.0,11.0
500455.0,District 1,Lique Street,Residential,0.0,34.0,3.0,72.0,36.0,45.0,27.0,23.0,6.0,4.0,12.0,3.0,0.0
500456.0,District 3,Flores Street,Residential,4.0,5.0,0.0,6.0,3.0,5.0,0.0,9.0,6.0,5.0,5.0,6.0,4.0
500457.0,District 1,Bartolay Street,Residential,0.0,0.0,0.0,0.0,0.0,0.0,0.0,0.0,10.0,3.0,12.0,2.0,0.0
500458.0,District 2,Jones Street,Residential,66.0,53.0,68.0,128.0,64.0,67.0,47.0,49.0,56.0,47.0,0.0,0.0,66.0
500459.0,District 2,Jones Street,Residential,41.0,34.0,47.0,12.0,6.0,167.0,37.0,47.0,68.0,45.0,56.0,51.0,41.0
500462.0,District 2,Jones Street,Residential,4.0,3.0,3.0,1.0,1.0,0.0,1.0,0.0,0.0,0.0,4.0,6.0,4.0
500464.0,District 2,Bailon Street,Residential,92.0,0.0,0.0,174.0,87.0,48.0,42.0,42.0,47.0,46.0,38.0,46.0,92.0
500466.0,District 1,Bailon Street,Commercial,50.0,11.0,0.0,29.0,15.0,10.0,1.0,3.0,5.0,3.0,2.0,1.0,50.0
500467.0,District 3,Balintong Street,Residential,0.0,13.0,0.0,32.0,16.0,52.0,22.0,16.0,24.0,19.0,10.0,7.0,0.0
500468.0,District 3,Flores Street,Residential,9.0,10.0,24.0,29.0,15.0,14.0,9.0,13.0,29.0,15.0,27.0,0.0,9.0
500469.0,District 2,Balcavem Street,Residential,0.0,9.0,12.0,0.0,0.0,0.0,0.0,10.0,14.0,8.0,20.0,19.0,0.0
500470.0,District 2,Don Juan Street,Residential,0.0,17.0,0.0,21.0,11.0,4.0,0.0,10.0,8.0,4.0,6.0,6.0,0.0
500471.0,District 1,Lique Street,Residential,0.0,1.0,0.0,0.0,0.0,0.0,0.0,0.0,0.0,0.0,0.0,2.0,0.0
500472.0,District 4,Alicante Street,Commercial,0.0,94.0,0.0,70.0,35.0,2.0,0.0,11.0,28.0,24.0,28.0,26.0,0.0
500473.0,District 1,Bailon Street,Residential,0.0,0.0,0.0,0.0,0.0,0.0,17.0,4.0,2.0,6.0,9.0,7.0,0.0
500474.0,District 4,Flores Street,Residential,0.0,0.0,0.0,0.0,0.0,0.0,0.0,0.0,0.0,0.0,20.0,8.0,0.0
500475.0,District 2,Alicante Street,Residential,0.0,36.0,28.0,50.0,25.0,42.0,33.0,44.0,63.0,24.0,12.0,12.0,0.0
500476.0,District 3,Flores Street,Residential,11.0,9.0,4.0,18.0,9.0,10.0,7.0,9.0,8.0,4.0,6.0,2.0,11.0
500477.0,District 3,Letada Street,Residential,0.0,0.0,0.0,0.0,0.0,0.0,0.0,0.0,0.0,5.0,19.0,6.0,0.0
500478.0,District 2,Don Juan Street,Residential,0.0,127.0,0.0,176.0,88.0,67.0,42.0,48.0,51.0,24.0,67.0,70.0,0.0
500479.0,District 2,Alicante Street,Residential,0.0,28.0,14.0,37.0,19.0,26.0,40.0,46.0,90.0,45.0,53.0,40.0,0.0
500480.0,District 2,Jones Street,Residential,45.0,22.0,19.0,103.0,51.0,55.0,15.0,18.0,29.0,14.0,18.0,18.0,45.0
500481.0,District 2,Bailon Street,Residential,42.0,13.0,0.0,119.0,59.0,41.0,31.0,39.0,30.0,0.0,93.0,52.0,42.0
500482.0,District 2,Jones Street,Residential,,,,,,,,,,0.0,0.0,0.0,
500483.0,District 3,Altarejos Street,Residential,0.0,59.0,39.0,19.0,9.0,5.0,24.0,6.0,15.0,4.0,5.0,19.0,0.0
500484.0,District 2,Alicante Street,Residential,0.0,0.0,0.0,0.0,0.0,0.0,0.0,0.0,0.0,0.0,0.0,0.0,0.0
500485.0,District 2,Jones Street,Residential,46.0,29.0,43.0,76.0,38.0,12.0,72.0,39.0,71.0,41.0,55.0,38.0,46.0
500486.0,,Moyot Street,Industrial,41.0,37.0,0.0,124.0,62.0,55.0,35.0,43.0,48.0,24.0,34.0,34.0,41.0
500487.0,District 4,Alicante Street,Residential,,,,0.0,0.0,0.0,0.0,0.0,0.0,2.0,6.0,6.0,
500490.0,,Gutierrez Street,Residential,0.0,0.0,0.0,0.0,0.0,0.0,0.0,0.0,0.0,0.0,98.0,88.0,0.0
500491.0,District 3,Lique Street,Residential,0.0,22.0,2.0,9.0,5.0,6.0,5.0,6.0,0.0,2.0,14.0,4.0,0.0
500492.0,,Moyot Street,Commercial,32.0,59.0,0.0,163.0,81.0,76.0,33.0,39.0,43.0,22.0,48.0,0.0,32.0
500494.0,,Bartolabac Street,Residential,0.0,35.0,15.0,20.0,10.0,15.0,14.0,19.0,16.0,12.0,14.0,16.0,0.0
500495.0,District 2,Jones Street,Residential,52.0,42.0,52.0,98.0,49.0,66.0,38.0,43.0,61.0,36.0,59.0,48.0,52.0
500496.0,District 1,Bailon Street,Commercial,11.0,9.0,0.0,5.0,3.0,1.0,0.0,0.0,0.0,0.0,3.0,0.0,11.0
500497.0,District 2,Fabmar Street,Residential,0.0,0.0,0.0,0.0,0.0,0.0,0.0,0.0,0.0,0.0,0.0,0.0,0.0
500499.0,,Moyot Street,Residential,12.0,8.0,0.0,36.0,18.0,17.0,0.0,26.0,17.0,10.0,0.0,34.0,12.0
500500.0,District 4,Lique Street,Residential,0.0,0.0,0.0,0.0,0.0,1.0,0.0,0.0,0.0,0.0,0.0,0.0,0.0
500501.0,District 2,Jones Street,Residential,,,,,,,,,20.0,14.0,17.0,20.0,
500502.0,District 4,Esparrago Street,Residential,0.0,1.0,0.0,0.0,0.0,0.0,0.0,0.0,0.0,0.0,0.0,0.0,0.0
500503.0,District 4,Esparrago Street,Residential,64.0,49.0,33.0,64.0,32.0,55.0,59.0,44.0,66.0,33.0,44.0,71.0,64.0
500504.0,District 1,Bailon Street,Residential,0.0,0.0,0.0,207.0,103.0,26.0,38.0,24.0,35.0,30.0,19.0,16.0,0.0
500505.0,District 2,Alicante Street,Residential,0.0,0.0,0.0,61.0,31.0,47.0,32.0,0.0,45.0,31.0,36.0,38.0,0.0
500506.0,District 1,Lique Street,Residential,0.0,44.0,27.0,26.0,13.0,21.0,18.0,15.0,23.0,22.0,24.0,41.0,0.0
500507.0,District 3,Flores Street,Residential,22.0,16.0,23.0,49.0,25.0,36.0,23.0,17.0,27.0,17.0,17.0,20.0,22.0
500508.0,District 3,Esparrago Street,Residential,29.0,10.0,0.0,80.0,40.0,37.0,30.0,21.0,22.0,17.0,70.0,0.0,29.0
500509.0,District 3,Amican Street,Residential,,,,,,,,,,0.0,0.0,0.0,
500510.0,,Bartolabac Street,Residential,0.0,91.0,42.0,99.0,49.0,46.0,36.0,26.0,47.0,31.0,40.0,30.0,0.0
500514.0,District 3,Letada Street,Residential,0.0,132.0,0.0,270.0,135.0,134.0,106.0,119.0,139.0,94.0,106.0,91.0,0.0
500515.0,District 2,Bailon Street,Residential,10.0,8.0,0.0,16.0,8.0,6.0,2.0,5.0,3.0,7.0,0.0,4.0,10.0
500516.0,,Gutierrez Street,Residential,0.0,48.0,0.0,66.0,33.0,20.0,13.0,14.0,17.0,8.0,11.0,10.0,0.0
500517.0,District 2,Balcavem Street,Residential,36.0,18.0,20.0,46.0,23.0,40.0,17.0,15.0,26.0,14.0,25.0,23.0,36.0
500518.0,District 3,Flores Street,Residential,7.0,2.0,0.0,0.0,0.0,0.0,0.0,0.0,0.0,0.0,2.0,0.0,7.0
500519.0,District 2,Jones Street,Residential,16.0,13.0,14.0,32.0,16.0,25.0,11.0,35.0,42.0,23.0,17.0,20.0,16.0
500522.0,District 2,Fabmar Street,Commercial,6.0,6.0,15.0,9.0,5.0,4.0,2.0,2.0,4.0,6.0,33.0,28.0,6.0
500524.0,District 3,Balintong Street,Industrial,0.0,40.0,0.0,102.0,51.0,54.0,37.0,34.0,64.0,30.0,34.0,21.0,0.0
500526.0,District 2,Fabmar Street,Residential,0.0,0.0,0.0,0.0,0.0,0.0,10.0,15.0,38.0,15.0,15.0,0.0,0.0
500527.0,District 2,Jones Street,Residential,14.0,14.0,24.0,41.0,21.0,26.0,23.0,27.0,25.0,6.0,19.0,10.0,14.0
500532.0,District 3,Bartolabac Street,Commercial,0.0,129.0,68.0,80.0,40.0,52.0,51.0,54.0,72.0,51.0,71.0,70.0,0.0
500533.0,District 3,Lique Street,Residential,0.0,23.0,0.0,20.0,10.0,12.0,11.0,8.0,14.0,8.0,8.0,9.0,0.0
500534.0,District 3,Altarejos Street,Residential,0.0,0.0,0.0,0.0,0.0,0.0,0.0,0.0,0.0,0.0,0.0,0.0,0.0
500536.0,District 1,Gutierrez Street,Residential,0.0,0.0,0.0,81.0,41.0,36.0,41.0,35.0,51.0,22.0,33.0,28.0,0.0
500538.0,District 3,Bartolay Street,Residential,0.0,47.0,0.0,46.0,23.0,8.0,0.0,3.0,0.0,0.0,0.0,0.0,0.0
500539.0,District 1,Bailon Street,Commercial,0.0,0.0,0.0,0.0,0.0,3.0,3.0,6.0,2.0,3.0,4.0,4.0,0.0
500540.0,District 3,Bartolabac Street,Residential,0.0,64.0,36.0,69.0,35.0,42.0,34.0,40.0,49.0,34.0,50.0,38.0,0.0
500541.0,District 1,Bailon Street,Residential,52.0,29.0,0.0,52.0,26.0,19.0,9.0,12.0,1.0,0.0,0.0,5.0,52.0
500542.0,District 3,Bartolabac Street,Commercial,0.0,37.0,19.0,26.0,13.0,23.0,15.0,14.0,17.0,12.0,17.0,12.0,0.0
500544.0,District 3,Alicante Street,Residential,0.0,29.0,16.0,0.0,0.0,0.0,0.0,0.0,0.0,0.0,0.0,0.0,0.0
500545.0,District 2,Jones Street,Residential,12.0,10.0,11.0,19.0,9.0,10.0,8.0,10.0,16.0,9.0,14.0,10.0,12.0
500547.0,District 3,Almonte Street,Commercial,,,,,,,,,,0.0,0.0,0.0,
500548.0,District 2,Jones Street,Residential,51.0,42.0,64.0,111.0,55.0,68.0,33.0,36.0,0.0,83.0,40.0,29.0,51.0
500550.0,District 4,Flores Street,Residential,0.0,0.0,0.0,0.0,0.0,0.0,0.0,0.0,0.0,0.0,15.0,0.0,0.0
500551.0,District 3,Altarejos Street,Residential,0.0,77.0,40.0,79.0,39.0,51.0,53.0,67.0,102.0,11.0,47.0,56.0,0.0
500552.0,District 3,Alicante Street,Residential,0.0,0.0,22.0,39.0,19.0,29.0,15.0,18.0,19.0,16.0,22.0,24.0,0.0
500553.0,District 2,Fabmar Street,Residential,11.0,4.0,10.0,16.0,8.0,9.0,5.0,13.0,17.0,5.0,13.0,7.0,11.0
500555.0,,Moyot Street,Residential,26.0,24.0,13.0,23.0,11.0,0.0,18.0,0.0,0.0,0.0,0.0,0.0,26.0
500556.0,District 2,Don Juan Street,Residential,0.0,42.0,0.0,29.0,15.0,3.0,3.0,2.0,4.0,2.0,3.0,3.0,0.0
500557.0,,Bartolabac Street,Residential,0.0,0.0,0.0,0.0,0.0,13.0,12.0,12.0,15.0,11.0,13.0,8.0,0.0
500558.0,District 2,Jones Street,Commercial,0.0,0.0,0.0,0.0,0.0,0.0,0.0,0.0,0.0,0.0,0.0,0.0,0.0
500559.0,District 4,Alicante Street,Residential,0.0,10.0,8.0,12.0,6.0,10.0,9.0,9.0,11.0,4.0,8.0,6.0,0.0
500560.0,,Bartolabac Street,Residential,0.0,0.0,0.0,0.0,0.0,0.0,0.0,0.0,0.0,0.0,0.0,0.0,0.0
500563.0,District 2,Alicante Street,Residential,0.0,6.0,9.0,9.0,5.0,9.0,4.0,7.0,13.0,4.0,5.0,7.0,0.0
500565.0,District 2,Jones Street,Residential,13.0,11.0,19.0,30.0,15.0,18.0,7.0,12.0,16.0,8.0,12.0,10.0,13.0
500566.0,District 1,Lique Street,Residential,0.0,78.0,40.0,65.0,33.0,48.0,39.0,30.0,52.0,36.0,37.0,58.0,0.0
500568.0,,Moyot Street,Residential,52.0,75.0,0.0,75.0,37.0,10.0,5.0,6.0,34.0,31.0,30.0,33.0,52.0
500569.0,District 1,Esparrago Street,Residential,0.0,0.0,0.0,0.0,0.0,0.0,0.0,0.0,0.0,0.0,0.0,0.0,0.0
500570.0,District 2,Jones Street,Residential,10.0,3.0,7.0,0.0,0.0,0.0,0.0,0.0,0.0,0.0,1.0,0.0,10.0
500571.0,,Moyot Street,Commercial,21.0,16.0,0.0,58.0,29.0,21.0,13.0,18.0,23.0,15.0,18.0,23.0,21.0
500572.0,District 2,Balcavem Street,Residential,22.0,15.0,21.0,32.0,16.0,31.0,18.0,16.0,25.0,10.0,16.0,16.0,22.0
500573.0,District 2,Jones Street,Residential,14.0,7.0,16.0,22.0,11.0,18.0,17.0,14.0,17.0,15.0,16.0,7.0,14.0
500574.0,District 1,Bailon Street,Residential,6.0,0.0,0.0,5.0,3.0,2.0,1.0,2.0,3.0,2.0,4.0,2.0,6.0
500575.0,District 1,Gutierrez Street,Industrial,0.0,0.0,0.0,1140.0,570.0,266.0,204.0,250.0,460.0,291.0,266.0,269.0,0.0
500577.0,District 1,Moyot Street,Residential,66.0,47.0,48.0,99.0,49.0,76.0,63.0,61.0,83.0,49.0,77.0,76.0,66.0
500578.0,District 3,Letada Street,Commercial,0.0,31.0,0.0,38.0,19.0,15.0,6.0,12.0,46.0,20.0,24.0,13.0,0.0
500579.0,District 1,Bailon Street,Commercial,0.0,0.0,0.0,0.0,0.0,0.0,0.0,0.0,78.0,52.0,50.0,52.0,0.0
500581.0,,Bartolabac Street,Residential,0.0,0.0,0.0,0.0,0.0,0.0,0.0,0.0,0.0,0.0,0.0,0.0,0.0
500582.0,District 3,Flores Street,Residential,0.0,0.0,0.0,0.0,0.0,90.0,0.0,95.0,0.0,0.0,0.0,0.0,0.0
500584.0,District 4,Alicante Street,Residential,0.0,20.0,16.0,17.0,9.0,15.0,8.0,14.0,24.0,15.0,12.0,13.0,0.0
500585.0,District 2,Alicante Street,Residential,0.0,30.0,19.0,51.0,25.0,31.0,20.0,18.0,33.0,13.0,22.0,20.0,0.0
500586.0,District 4,Flores Street,Residential,0.0,0.0,2.0,0.0,0.0,0.0,0.0,0.0,0.0,1.0,0.0,0.0,0.0
500587.0,District 3,Altarejos Street,Residential,0.0,21.0,130.0,3.0,1.0,0.0,0.0,0.0,0.0,34.0,14.0,46.0,0.0
500589.0,District 4,Lique Street,Residential,0.0,0.0,13.0,35.0,17.0,30.0,17.0,14.0,21.0,16.0,14.0,20.0,0.0
500590.0,District 3,Altarejos Street,Residential,0.0,0.0,0.0,0.0,2157.0,216.0,261.0,0.0,0.0,0.0,0.0,0.0,0.0
500591.0,District 4,Esparrago Street,Residential,13.0,10.0,11.0,26.0,13.0,14.0,9.0,11.0,13.0,6.0,8.0,15.0,13.0
500592.0,District 2,Balcavem Street,Residential,23.0,12.0,19.0,30.0,15.0,18.0,19.0,8.0,23.0,9.0,18.0,14.0,23.0
500593.0,District 3,Letada Street,Residential,0.0,13.5,0.0,17.5,8.5,15.0,6.0,6.0,20.0,10.0,15.0,5.0,0.0
500594.0,District 2,Bailon Street,Commercial,0.0,0.0,0.0,0.0,0.0,22.0,11.0,21.0,25.0,13.0,57.0,0.0,0.0
500595.0,District 3,Altarejos Street,Residential,0.0,14.0,7.0,18.0,9.0,17.0,10.0,14.0,14.0,7.0,7.0,11.0,0.0
500596.0,District 3,Altarejos Street,Residential,0.0,50.0,32.0,41.0,21.0,24.0,24.0,39.0,32.0,18.0,27.0,50.0,0.0
500597.0,District 1,Lique Street,Residential,0.0,0.0,0.0,0.0,0.0,0.0,0.0,0.0,0.0,0.0,0.0,0.0,0.0
500598.0,District 1,Bailon Street,Commercial,17.0,11.0,0.0,43.0,21.0,18.0,14.0,16.0,18.0,16.0,14.0,16.0,17.0
500600.0,District 2,Don Juan Street,Residential,0.0,0.0,0.0,0.0,0.0,0.0,0.0,0.0,0.0,0.0,0.0,0.0,0.0
500601.0,,Moyot Street,Residential,25.0,13.0,0.0,74.0,37.0,32.0,14.0,15.0,22.0,26.0,2.0,10.0,25.0
500602.0,District 4,Bartolay Street,Residential,0.0,26.0,0.0,36.0,18.0,13.0,10.0,15.0,21.0,12.0,16.0,11.0,0.0
500603.0,,Moyot Street,Residential,0.0,0.0,0.0,0.0,0.0,0.0,0.0,0.0,0.0,0.0,0.0,0.0,0.0
500604.0,,Bartolabac Street,Residential,0.0,149.0,58.0,149.0,75.0,91.0,89.0,69.0,57.0,45.0,83.0,50.0,0.0
500605.0,District 2,Balcavem Street,Residential,0.0,0.0,0.0,0.0,0.0,0.0,0.0,5.0,0.0,0.0,0.0,0.0,0.0
500606.0,District 2,Esparrago Street,Commercial,19.0,0.0,0.0,0.0,0.0,0.0,0.0,0.0,0.0,0.0,0.0,0.0,19.0
500607.0,District 2,Bailon Street,Residential,0.0,0.0,0.0,0.0,0.0,0.0,0.0,0.0,10.0,0.0,0.0,0.0,0.0
500608.0,District 2,Bailon Street,Residential,228.0,120.0,0.0,360.0,180.0,66.0,45.0,55.0,63.0,56.0,43.0,58.0,228.0
500609.0,District 2,Jones Street,Residential,0.0,0.0,35.0,50.0,25.0,30.0,25.0,21.0,31.0,18.0,23.0,25.0,0.0
500610.0,District 2,Jones Street,Residential,13.0,1.0,5.0,0.0,0.0,0.0,0.0,0.0,0.0,0.0,0.0,0.0,13.0
500611.0,District 3,Lique Street,Residential,0.0,0.0,0.0,0.0,0.0,0.0,0.0,0.0,7.0,6.0,4.0,5.0,0.0
500612.0,District 3,Almonte Street,Residential,,,,,,,,,,0.0,0.0,0.0,
500613.0,District 4,Esparrago Street,Residential,17.0,7.0,13.0,42.0,21.0,0.0,13.0,13.0,19.0,9.0,13.0,16.0,17.0
500615.0,District 3,Flores Street,Residential,0.0,0.0,0.0,0.0,0.0,0.0,0.0,0.0,22.0,13.0,17.0,12.0,0.0
500616.0,District 3,Altarejos Street,Residential,0.0,26.0,11.0,27.0,13.0,15.0,12.0,14.0,16.0,8.0,8.0,11.0,0.0
500617.0,District 3,Esparrago Street,Residential,50.0,33.0,39.0,0.0,0.0,0.0,86.0,0.0,0.0,0.0,122.0,0.0,50.0
500618.0,District 2,Esparrago Street,Residential,0.0,0.0,0.0,0.0,0.0,0.0,0.0,0.0,0.0,0.0,0.0,0.0,0.0
500619.0,District 3,Bartolabac Street,Residential,0.0,89.0,0.0,38.0,19.0,0.0,14.0,3.0,1.0,3.0,4.0,16.0,0.0
500620.0,District 3,Altarejos Street,Residential,0.0,23.0,5.0,7.0,3.0,2.0,3.0,1.0,0.0,0.0,0.0,0.0,0.0
500621.0,District 4,Lique Street,Residential,0.0,39.0,27.0,41.0,21.0,33.0,26.0,20.0,28.0,18.0,22.0,27.0,0.0
500622.0,District 1,Bailon Street,Commercial,78.0,17.0,0.0,92.0,46.0,54.0,42.0,22.0,62.0,43.0,42.0,38.0,78.0
500623.0,District 2,Alicante Street,Residential,0.0,9.0,9.0,33.0,17.0,22.0,6.0,19.0,19.0,8.0,5.0,18.0,0.0
500624.0,District 3,Esparrago Street,Residential,0.0,0.0,24.0,0.0,0.0,87.0,81.0,36.0,0.0,0.0,0.0,0.0,0.0
500625.0,,Bartolabac Street,Residential,0.0,76.0,18.0,59.0,29.0,49.0,25.0,44.0,46.0,39.0,56.0,37.0,0.0
500628.0,District 1,Lique Street,Residential,0.0,42.0,20.0,51.0,25.0,35.0,27.0,20.0,36.0,24.0,22.0,25.0,0.0
500629.0,District 4,Barsaga Street,Residential,0.0,111.0,0.0,166.0,83.0,49.0,43.0,64.0,0.0,85.0,61.0,47.0,0.0
500630.0,District 3,Espinosa Street,Residential,0.0,0.0,0.0,0.0,0.0,0.0,0.0,0.0,0.0,0.0,0.0,0.0,0.0
500631.0,District 2,Bailon Street,Residential,57.0,25.0,0.0,147.0,73.0,52.0,35.0,0.0,89.0,45.0,0.0,77.0,57.0
500632.0,,Gutierrez Street,Residential,0.0,32.0,0.0,35.0,17.0,21.0,16.0,19.0,31.0,12.0,15.0,15.0,0.0
500635.0,District 1,Bailon Street,Residential,29.0,10.0,0.0,33.0,17.0,34.0,30.0,38.0,54.0,44.0,35.0,46.0,29.0
500636.0,District 3,Amican Street,Residential,0.0,68.0,0.0,0.0,0.0,0.0,25.0,18.0,26.0,22.0,30.0,16.0,0.0
500637.0,,Moyot Street,Residential,0.0,0.0,0.0,0.0,0.0,0.0,82.0,24.0,11.0,0.0,0.0,0.0,0.0
500639.0,,Gutierrez Street,Residential,0.0,39.0,0.0,55.0,27.0,7.0,18.0,18.0,25.0,17.0,18.0,13.0,0.0
500640.0,District 4,Villamor Street,Residential,0.0,66.0,0.0,16.0,8.0,6.0,4.0,3.0,6.0,3.0,4.0,27.0,0.0
500642.0,District 4,Villamor Street,Commercial,0.0,30.0,0.0,52.0,26.0,8.0,6.0,5.0,1.0,0.0,5.0,5.0,0.0
500643.0,District 2,Esparrago Street,Residential,58.0,27.0,31.0,92.0,46.0,29.0,45.0,45.0,60.0,32.0,38.0,60.0,58.0
500644.0,District 3,Esparrago Street,Residential,16.0,12.0,6.0,0.0,0.0,28.0,0.0,0.0,0.0,0.0,0.0,0.0,16.0
500645.0,District 2,Don Juan Street,Residential,0.0,32.0,0.0,61.0,31.0,17.0,21.0,16.0,1.0,2.0,0.0,1.0,0.0
500646.0,District 2,Fabmar Street,Residential,0.0,1.0,0.0,22.0,11.0,20.0,24.0,20.0,13.0,13.0,6.0,1.0,0.0
500647.0,District 1,Bartolay Street,Residential,0.0,95.0,0.0,0.0,0.0,151.0,44.0,51.0,73.0,49.0,52.0,42.0,0.0
500648.0,District 2,Bailon Street,Residential,47.0,50.0,0.0,92.0,46.0,37.0,18.0,32.0,26.0,49.0,51.0,55.0,47.0
500650.0,District 3,Alicante Street,Residential,0.0,27.0,19.0,30.0,15.0,24.0,12.0,20.0,27.0,14.0,22.0,21.0,0.0
500651.0,District 2,Esparrago Street,Residential,15.0,32.0,24.0,30.0,15.0,22.0,16.0,21.0,14.0,14.0,10.0,33.0,15.0
500652.0,District 3,Altarejos Street,Residential,0.0,53.0,29.0,54.0,27.0,37.0,23.0,33.0,27.0,16.0,18.0,21.0,0.0
500653.0,District 2,Jones Street,Residential,9.0,3.0,12.0,5.0,3.0,4.0,4.0,7.0,3.0,3.0,8.0,4.0,9.0
500655.0,District 2,Jones Street,Residential,24.0,14.0,28.0,57.0,29.0,33.0,16.0,19.0,23.0,7.0,14.0,14.0,24.0
500656.0,District 2,Jones Street,Residential,7.0,8.0,12.0,36.0,18.0,19.0,9.0,14.0,15.0,0.0,0.0,8.0,7.0
500659.0,District 4,Bartolay Street,Residential,0.0,45.0,0.0,34.0,17.0,14.0,13.0,6.0,49.0,28.0,4.0,3.0,0.0
500660.0,District 1,Lique Street,Residential,0.0,0.0,0.0,0.0,0.0,0.0,0.0,0.0,0.0,0.0,0.0,0.0,0.0
500661.0,District 2,Don Juan Street,Residential,0.0,3.0,0.0,5.0,3.0,0.0,0.0,0.0,0.0,0.0,0.0,0.0,0.0
500666.0,District 1,Lique Street,Residential,0.0,58.0,30.0,89.0,45.0,49.0,24.0,18.0,37.0,21.0,22.0,32.0,0.0
500667.0,,Bartolabac Street,Residential,0.0,0.0,0.0,0.0,0.0,0.0,0.0,0.0,0.0,0.0,0.0,0.0,0.0
500668.0,District 2,Don Juan Street,Residential,0.0,0.0,0.0,0.0,0.0,0.0,0.0,0.0,0.0,8.0,7.0,7.0,0.0
500669.0,District 2,Jones Street,Commercial,8.0,8.0,11.0,20.0,10.0,9.0,4.0,11.0,8.0,5.0,17.0,25.0,8.0
500670.0,District 2,Jones Street,Residential,11.0,7.0,9.0,20.0,10.0,14.0,8.0,11.0,13.0,7.0,10.0,9.0,11.0
500671.0,District 2,Don Juan Street,Commercial,0.0,0.0,0.0,0.0,0.0,0.0,0.0,0.0,0.0,0.0,0.0,0.0,0.0
500673.0,District 2,Jones Street,Commercial,13.0,11.0,10.0,23.0,11.0,17.0,40.0,49.0,57.0,28.0,12.0,13.0,13.0
500674.0,District 2,Jones Street,Residential,8.0,6.0,12.0,35.0,17.0,26.0,15.0,19.0,28.0,22.0,23.0,21.0,8.0
500675.0,,Bartolabac Street,Residential,30.0,19.0,0.0,60.0,30.0,25.0,32.0,18.0,23.0,11.0,17.0,17.0,30.0
500676.0,District 4,Bartolay Street,Residential,0.0,0.0,0.0,0.0,0.0,0.0,0.0,0.0,0.0,1.0,0.0,3.0,0.0
500677.0,District 2,Fabmar Street,Residential,132.0,110.0,0.0,440.0,220.0,148.0,192.0,0.0,56.0,0.0,24.0,30.0,132.0
500679.0,District 3,Bartolabac Street,Residential,0.0,34.0,114.0,15.0,7.0,22.0,3.0,6.0,0.0,5.0,33.0,21.0,0.0
500680.0,,Bartolabac Street,Residential,0.0,44.0,17.0,38.0,19.0,18.0,21.0,19.0,18.0,26.0,23.0,13.0,0.0
500682.0,District 2,Fabmar Street,Residential,0.0,3.5,4.0,27.5,13.5,17.0,25.0,32.0,36.0,9.0,14.0,3.0,0.0
500684.0,District 3,Balintong Street,Residential,0.0,35.0,0.0,80.0,40.0,73.0,43.0,41.0,58.0,37.0,49.0,50.0,0.0
500685.0,District 2,Balcavem Street,Residential,5.0,2.0,3.0,19.0,9.0,10.0,0.0,0.0,2.0,6.0,10.0,8.0,5.0
500686.0,District 2,Bailon Street,Residential,0.0,0.0,0.0,0.0,0.0,0.0,0.0,0.0,0.0,0.0,0.0,0.0,0.0
500687.0,District 1,Lique Street,Residential,0.0,0.0,0.0,0.0,0.0,0.0,0.0,1.0,5.0,3.0,4.0,5.0,0.0
500689.0,District 1,Esparrago Street,Residential,10.0,7.0,10.0,13.0,7.0,11.0,26.0,14.0,14.0,7.0,8.0,9.0,10.0
500690.0,District 2,Don Juan Street,Residential,0.0,1.0,0.0,92.0,46.0,11.0,5.0,8.0,10.0,1.0,2.0,6.0,0.0
500692.0,District 1,Alicante Street,Residential,,,0.0,0.0,0.0,0.0,87.0,64.0,71.0,36.0,46.0,59.0,
500694.0,District 4,Grafilo Street,Residential,0.0,53.0,0.0,95.0,47.0,43.0,28.0,0.0,39.0,19.0,51.0,26.0,0.0
500695.0,District 4,Grafilo Street,Residential,0.0,38.0,0.0,62.0,31.0,40.0,42.0,0.0,77.0,27.0,46.0,30.0,0.0
500696.0,District 2,Alicante Street,Residential,0.0,85.0,54.0,96.0,48.0,54.0,25.0,27.0,39.0,24.0,30.0,34.0,0.0
500697.0,District 1,Lique Street,Residential,0.0,68.0,20.0,48.0,24.0,29.0,28.0,22.0,37.0,20.0,20.0,26.0,0.0
500698.0,District 4,Barsaga Street,Commercial,0.0,0.0,0.0,0.0,0.0,0.0,0.0,0.0,0.0,0.0,15.0,11.0,0.0
500699.0,,Gutierrez Street,Residential,0.0,65.0,0.0,100.0,50.0,41.0,25.0,29.0,40.0,23.0,27.0,27.0,0.0
500700.0,District 2,Jones Street,Commercial,9.0,9.0,16.0,0.0,0.0,38.0,7.0,13.0,18.0,9.0,10.0,9.0,9.0
500701.0,District 2,Balcavem Street,Residential,0.0,0.0,0.0,15.5,7.5,8.0,6.0,4.0,14.0,6.0,8.0,10.0,0.0
500702.0,District 2,Don Juan Street,Residential,0.0,0.0,0.0,0.0,0.0,0.0,23.0,9.0,0.0,28.0,14.0,12.0,0.0
500703.0,District 3,Altarejos Street,Residential,0.0,8.0,5.0,16.0,8.0,6.0,7.0,14.0,11.0,6.0,3.0,9.0,0.0
500704.0,District 3,Altarejos Street,Residential,0.0,0.0,0.0,0.0,0.0,0.0,0.0,0.0,2.0,2.0,1.0,2.0,0.0
500705.0,District 3,Altarejos Street,Residential,0.0,23.0,8.0,17.0,9.0,11.0,11.0,16.0,18.0,10.0,14.0,19.0,0.0
500706.0,,Moyot Street,Residential,8.0,7.0,4.0,6.0,3.0,3.0,4.0,2.0,4.0,7.0,3.0,7.0,8.0
500707.0,District 3,Bartolabac Street,Residential,0.0,32.0,10.0,0.0,0.0,34.0,13.0,11.0,16.0,10.0,12.0,14.0,0.0
500709.0,District 2,Bailon Street,Residential,0.0,0.0,0.0,0.0,0.0,0.0,0.0,0.0,0.0,0.0,0.0,0.0,0.0
500710.0,District 3,Bartolay Street,Residential,0.0,0.0,0.0,0.0,0.0,0.0,0.0,0.0,0.0,0.0,3.0,3.0,0.0
500711.0,District 2,Alicante Street,Residential,0.0,16.0,12.0,14.0,7.0,7.0,6.0,4.0,7.0,4.0,8.0,7.0,0.0
500713.0,District 3,Amican Street,Residential,0.0,35.0,9.0,24.0,12.0,16.0,10.0,11.0,0.0,0.0,0.0,0.0,0.0
500714.0,District 4,Bartolay Street,Residential,0.0,0.0,0.0,0.0,0.0,0.0,0.0,0.0,0.0,0.0,0.0,0.0,0.0
500715.0,District 2,Bailon Street,Commercial,0.0,0.0,0.0,0.0,0.0,0.0,0.0,0.0,0.0,0.0,0.0,0.0,0.0
500716.0,,Moyot Street,Residential,0.0,0.0,0.0,0.0,0.0,0.0,0.0,0.0,0.0,0.0,0.0,0.0,0.0
500717.0,District 3,Alicante Street,Residential,0.0,0.0,0.0,0.0,0.0,0.0,0.0,0.0,0.0,0.0,0.0,0.0,0.0
500718.0,District 2,Balcavem Street,Residential,0.0,0.0,0.0,31.0,15.0,33.0,23.0,15.0,37.0,10.0,39.0,37.0,0.0
500720.0,District 2,Don Juan Street,Residential,0.0,0.0,0.0,0.0,0.0,0.0,0.0,0.0,0.0,0.0,0.0,0.0,0.0
500721.0,District 4,Bartolay Street,Residential,0.0,1.0,0.0,0.0,0.0,2.0,2.0,2.0,4.0,3.0,1.0,0.0,0.0
500722.0,District 4,Lique Street,Residential,0.0,47.0,29.0,65.0,33.0,34.0,23.0,23.0,0.0,0.0,0.0,0.0,0.0
500724.0,,Moyot Street,Residential,4.0,5.0,0.0,0.0,0.0,0.0,0.0,0.0,0.0,0.0,0.0,0.0,4.0
500726.0,District 2,Alicante Street,Residential,0.0,26.0,25.0,79.0,39.0,41.0,32.0,38.0,192.0,0.0,0.0,0.0,0.0
500727.0,District 3,Flores Street,Commercial,9.0,19.0,30.0,31.0,15.0,11.0,38.0,20.0,35.0,22.0,28.0,21.0,9.0
500729.0,District 2,Jones Street,Commercial,14.0,13.0,25.0,41.0,21.0,24.0,14.0,23.0,26.0,15.0,16.0,14.0,14.0
500730.0,District 2,Jones Street,Residential,0.0,0.0,0.0,38.0,19.0,20.0,8.0,16.0,20.0,13.0,27.0,26.0,0.0
500731.0,District 2,Jones Street,Commercial,21.0,16.0,21.0,30.0,15.0,13.0,8.0,14.0,14.0,12.0,30.0,0.0,21.0
500733.0,District 2,Jones Street,Commercial,19.0,14.0,21.0,0.0,0.0,71.0,13.0,27.0,35.0,19.0,25.0,23.0,19.0
500735.0,District 2,Jones Street,Residential,11.0,0.0,25.0,29.0,15.0,16.0,11.0,11.0,19.0,9.0,11.0,13.0,11.0
500737.0,District 2,Jones Street,Residential,19.0,12.0,24.0,38.0,19.0,20.0,19.0,22.0,26.0,14.0,18.0,30.0,19.0
500739.0,District 4,Alicante Street,Residential,0.0,0.0,0.0,133.0,67.0,23.0,20.0,23.0,47.0,25.0,27.0,41.0,0.0
500740.0,District 4,Alicante Street,Residential,0.0,0.0,0.0,0.0,0.0,130.0,0.0,0.0,0.0,0.0,0.0,0.0,0.0
500741.0,District 3,Altarejos Street,Residential,0.0,0.0,0.0,0.0,0.0,1.0,0.0,28.0,31.0,16.0,21.0,19.0,0.0
500742.0,District 2,Jones Street,Residential,7.0,6.0,10.0,17.0,9.0,10.0,10.0,10.0,12.0,6.0,9.0,8.0,7.0
500744.0,District 2,Jones Street,Residential,0.0,0.0,0.0,0.0,0.0,0.0,0.0,0.0,0.0,0.0,0.0,0.0,0.0
500746.0,District 1,Bailon Street,Residential,86.0,148.0,0.0,13.0,7.0,0.0,0.0,0.0,0.0,0.0,0.0,0.0,86.0
500747.0,District 4,Bartolay Street,Residential,0.0,22.0,0.0,31.0,15.0,13.0,10.0,11.0,15.0,12.0,16.0,14.0,0.0
500748.0,District 1,Bailon Street,Commercial,0.0,0.0,0.0,0.0,0.0,0.0,0.0,0.0,0.0,0.0,0.0,0.0,0.0
500750.0,District 2,Alicante Street,Residential,0.0,0.0,7.0,21.0,11.0,15.0,11.0,9.0,17.0,7.0,4.0,7.0,0.0
500752.0,District 2,Fabmar Street,Residential,51.0,30.0,32.0,80.0,40.0,55.0,34.0,52.0,65.0,25.0,41.0,49.0,51.0
500753.0,District 1,Bailon Street,Residential,0.0,0.0,0.0,46.0,23.0,0.0,0.0,0.0,0.0,85.0,15.0,10.0,0.0
500754.0,District 3,Letada Street,Residential,,,,,,,,,,0.0,0.0,0.0,
500755.0,District 2,Fabmar Street,Residential,24.0,,,,,,,,,0.0,0.0,0.0,24.0
500756.0,District 1,Bailon Street,Commercial,21.5,66.0,0.0,80.5,40.5,48.5,33.0,39.0,36.0,52.0,68.0,55.0,21.5
500757.0,District 3,Letada Street,Residential,0.0,25.0,0.0,84.0,42.0,35.0,17.0,21.0,18.0,20.0,25.0,25.0,0.0
500760.0,District 3,Alicante Street,Residential,0.0,6.0,9.0,12.0,6.0,14.0,5.0,7.0,7.0,3.0,6.0,5.0,0.0
500762.0,District 2,Jones Street,Residential,0.0,0.0,0.0,0.0,0.0,0.0,0.0,0.0,0.0,0.0,0.0,0.0,0.0
500764.0,District 2,Don Juan Street,Residential,0.0,0.0,0.0,0.0,0.0,0.0,0.0,0.0,0.0,21.0,15.0,20.0,0.0
500765.0,District 3,Letada Street,Residential,0.0,18.0,0.0,53.0,27.0,29.0,13.0,11.0,14.0,13.0,12.0,12.0,0.0
500766.0,District 3,Altarejos Street,Residential,0.0,14.0,8.0,14.0,7.0,20.0,15.0,10.0,13.0,0.0,11.0,13.0,0.0
500767.0,District 3,Bartolabac Street,Residential,0.0,0.0,0.0,0.0,0.0,0.0,0.0,0.0,0.0,0.0,0.0,0.0,0.0
500768.0,District 3,Altarejos Street,Residential,0.0,16.0,9.0,21.0,11.0,14.0,12.0,15.0,20.0,14.0,11.0,24.0,0.0
500769.0,District 2,Esparrago Street,Residential,4.0,4.0,5.0,13.0,7.0,4.0,6.0,6.0,8.0,4.0,5.0,6.0,4.0
500770.0,District 2,Jones Street,Commercial,0.0,0.0,0.0,0.0,0.0,0.0,0.0,0.0,0.0,0.0,0.0,0.0,0.0
500771.0,District 1,Bailon Street,Commercial,0.0,0.0,0.0,0.0,0.0,0.0,0.0,0.0,0.0,0.0,0.0,0.0,0.0
500772.0,District 3,Amican Street,Residential,0.0,21.0,6.0,16.0,8.0,10.0,7.0,6.0,10.0,6.0,7.0,7.0,0.0
500773.0,District 2,Jones Street,Residential,14.0,24.0,13.0,0.0,0.0,30.0,5.0,7.0,29.0,9.0,11.0,11.0,14.0
500774.0,District 3,Bartolabac Street,Commercial,0.0,40.0,5.0,44.0,22.0,19.0,17.0,18.0,23.0,17.0,20.0,17.0,0.0
500775.0,,Gutierrez Street,Residential,0.0,33.0,0.0,63.0,31.0,22.0,24.0,19.0,32.0,20.0,23.0,19.0,0.0
500776.0,District 4,Lique Street,Residential,,,,,,0.0,29.0,17.0,18.0,11.0,13.0,18.0,
500777.0,,Bartolabac Street,Commercial,0.0,40.0,6.0,41.0,21.0,27.0,14.0,23.0,22.0,17.0,22.0,15.0,0.0
500778.0,District 2,Jones Street,Residential,9.0,6.0,132.0,0.0,0.0,13.0,0.0,12.0,11.0,5.0,7.0,7.0,9.0
500779.0,District 2,Fabmar Street,Residential,21.0,4.0,11.0,15.0,7.0,2.0,11.0,91.0,88.0,0.0,2.0,8.0,21.0
500780.0,District 2,Jones Street,Residential,5.0,5.0,10.0,23.0,11.0,12.0,5.0,8.0,13.0,8.0,12.0,11.0,5.0
500781.0,District 3,Flores Street,Residential,0.0,26.0,0.0,0.0,0.0,0.0,0.0,0.0,0.0,0.0,0.0,0.0,0.0
500785.0,,Moyot Street,Commercial,0.0,0.0,0.0,0.0,0.0,0.0,0.0,0.0,0.0,0.0,26.0,27.0,0.0
500786.0,District 4,Grafilo Street,Residential,0.0,15.0,0.0,13.0,7.0,11.0,11.0,0.0,23.0,5.0,19.0,10.0,0.0
500787.0,District 2,Fabmar Street,Residential,20.0,12.0,18.0,47.0,23.0,18.0,0.0,40.0,22.0,7.0,14.0,13.0,20.0
500788.0,District 4,Flores Street,Residential,2.0,1.0,2.0,7.0,3.0,1.0,0.0,0.0,0.0,0.0,0.0,0.0,2.0
500789.0,District 3,Alicante Street,Residential,0.0,44.0,34.0,68.0,34.0,65.0,25.0,29.0,42.0,25.0,28.0,24.0,0.0
500790.0,District 2,Jones Street,Residential,3.0,5.0,5.0,7.0,3.0,2.0,1.0,1.0,0.0,3.0,1.0,2.0,3.0
500791.0,District 2,Jones Street,Residential,12.0,9.0,14.0,0.0,0.0,58.0,15.0,20.0,20.0,10.0,14.0,17.0,12.0
500792.0,District 2,Jones Street,Residential,4.0,2.0,2.0,4.0,2.0,2.0,3.0,0.0,0.0,7.0,2.0,1.0,4.0
500794.0,District 4,Alicante Street,Residential,0.0,31.0,21.0,45.0,23.0,38.0,16.0,26.0,39.0,18.0,19.0,37.0,0.0
500795.0,District 2,Jones Street,Residential,9.0,8.0,10.0,18.0,9.0,11.0,6.0,8.0,12.0,5.0,8.0,8.0,9.0
500797.0,District 4,Flores Street,Residential,13.0,8.0,0.0,38.0,19.0,13.0,11.0,12.0,16.0,13.0,10.0,11.0,13.0
500799.0,District 2,Jones Street,Residential,22.0,18.0,0.0,0.0,0.0,0.0,0.0,0.0,0.0,0.0,0.0,0.0,22.0
500800.0,District 3,Letada Street,Residential,0.0,0.0,0.0,0.0,0.0,0.0,0.0,0.0,0.0,0.0,0.0,0.0,0.0
500802.0,District 4,Esparrago Street,Residential,11.0,0.0,0.0,3.0,1.0,11.0,8.0,11.0,15.0,8.0,4.0,0.0,11.0
500803.0,District 4,Esparrago Street,Residential,0.0,0.0,0.0,0.0,0.0,0.0,10.0,8.0,9.0,6.0,6.0,9.0,0.0
500804.0,,Gutierrez Street,Residential,0.0,20.0,0.0,20.0,10.0,6.0,2.0,10.0,8.0,0.0,0.0,0.0,0.0
500805.0,District 3,Altarejos Street,Commercial,0.0,200.0,20.0,7.0,3.0,0.0,0.0,0.0,80.0,20.0,0.0,63.0,0.0
500807.0,District 2,Jones Street,Residential,20.0,5.0,7.0,10.0,5.0,7.0,5.0,6.0,6.0,4.0,7.0,7.0,20.0
500808.0,,Moyot Street,Residential,12.0,0.0,0.0,6.0,3.0,0.0,0.0,0.0,5.0,0.0,3.0,5.0,12.0
500809.0,District 3,Altarejos Street,Residential,0.0,13.0,6.0,12.0,6.0,5.0,4.0,9.0,7.0,5.0,3.0,4.0,0.0
500810.0,District 3,Altarejos Street,Commercial,0.0,16.0,8.0,17.0,9.0,11.0,13.0,14.0,15.0,9.0,9.0,9.0,0.0
500814.0,District 2,Bailon Street,Commercial,0.0,2.0,0.0,2.0,1.0,0.0,0.0,1.0,0.0,1.0,0.0,0.0,0.0
500817.0,District 2,Jones Street,Residential,15.0,15.0,31.0,36.0,18.0,15.0,8.0,1.0,0.0,4.0,6.0,6.0,15.0
500818.0,District 2,Don Juan Street,Residential,0.0,147.0,0.0,230.0,115.0,90.0,74.0,66.0,105.0,31.0,77.0,73.0,0.0
500819.0,District 2,Jones Street,Commercial,2.0,8.0,24.0,37.0,19.0,60.0,34.0,40.0,19.0,1.0,22.0,17.0,2.0
500821.0,District 3,Letada Street,Residential,0.0,9.0,0.0,0.0,0.0,12.0,6.0,9.0,13.0,8.0,7.0,9.0,0.0
500822.0,District 3,Altarejos Street,Commercial,0.0,44.0,22.0,49.0,25.0,29.0,23.0,31.0,31.0,6.0,1.0,0.0,0.0
500828.0,District 2,Jones Street,Residential,29.0,23.0,37.0,67.0,33.0,45.0,27.0,33.0,55.0,34.0,41.0,39.0,29.0
500829.0,,Moyot Street,Residential,0.0,0.0,0.0,0.0,0.0,0.0,0.0,0.0,0.0,10.0,35.0,0.0,0.0
500830.0,District 3,Espinosa Street,Commercial,59.0,73.0,0.0,130.0,65.0,20.0,16.0,33.0,66.0,46.0,73.0,64.0,59.0
500831.0,District 2,Balcavem Street,Residential,21.0,15.0,37.0,43.0,21.0,40.0,25.0,25.0,37.0,16.0,27.0,25.0,21.0
500832.0,District 1,Almonte Street,Commercial,0.0,0.0,0.0,0.0,0.0,0.0,0.0,0.0,72.0,51.0,58.0,79.0,0.0
500833.0,District 1,Bailon Street,Residential,30.0,15.0,0.0,41.0,21.0,18.0,11.0,16.0,15.0,15.0,9.0,17.0,30.0
500834.0,District 4,Lique Street,Residential,0.0,0.0,4.0,4.0,2.0,3.0,2.0,2.0,3.0,1.0,2.0,3.0,0.0
500835.0,District 1,Bailon Street,Residential,0.0,352.0,0.0,0.0,0.0,0.0,0.0,45.0,43.0,37.0,49.0,48.0,0.0
500837.0,District 1,Bartolay Street,Residential,0.0,62.0,0.0,78.0,39.0,32.0,21.0,26.0,34.0,30.0,44.0,31.0,0.0
500838.0,District 3,Amican Street,Residential,0.0,35.0,16.0,30.0,15.0,16.0,10.0,10.0,14.0,11.0,21.0,15.0,0.0
500839.0,District 3,Alicante Street,Residential,0.0,48.0,55.0,83.0,41.0,65.0,49.0,60.0,91.0,51.0,66.0,57.0,0.0
500840.0,District 1,Bailon Street,Commercial,0.0,21.0,0.0,15.0,7.0,6.0,4.0,6.0,5.0,6.0,4.0,3.0,0.0
500841.0,District 1,Bailon Street,Commercial,4.0,0.0,0.0,5.0,3.0,0.0,1.0,3.0,3.0,1.0,0.0,3.0,4.0
500842.0,District 2,Balcavem Street,Residential,13.0,6.0,7.0,23.0,11.0,19.0,21.0,10.0,26.0,13.0,18.0,16.0,13.0
500843.0,District 4,Lique Street,Residential,0.0,73.0,39.0,74.0,37.0,52.0,30.0,24.0,37.0,20.0,23.0,31.0,0.0
500844.0,,Moyot Street,Residential,45.0,33.0,0.0,135.0,67.0,0.0,83.0,37.0,67.0,30.0,51.0,52.0,45.0
500845.0,District 2,Don Juan Street,Residential,0.0,28.0,0.0,55.0,27.0,21.0,20.0,21.0,28.0,24.0,21.0,17.0,0.0
500846.0,District 2,Jones Street,Residential,0.0,0.0,0.0,0.0,0.0,0.0,0.0,0.0,0.0,0.0,0.0,0.0,0.0
500847.0,District 2,Jones Street,Residential,19.0,11.0,15.0,32.0,16.0,18.0,18.0,17.0,26.0,16.0,16.0,29.0,19.0
500849.0,District 2,Jones Street,Residential,17.0,11.0,16.0,24.5,12.5,15.0,8.0,12.0,26.0,14.0,18.0,16.0,17.0
500851.0,District 2,Fabmar Street,Residential,44.0,2.0,8.0,14.0,7.0,7.0,6.0,5.0,0.0,0.0,0.0,0.0,44.0
500853.0,,Moyot Street,Residential,21.0,20.0,15.0,0.0,0.0,0.0,0.0,0.0,30.0,22.0,32.0,39.0,21.0
500855.0,District 2,Jones Street,Residential,34.0,18.0,22.0,29.0,15.0,14.0,30.0,27.0,47.0,32.0,45.0,43.0,34.0
500856.0,District 1,Lique Street,Residential,0.0,37.0,21.0,48.0,24.0,30.0,25.0,18.0,30.0,16.0,19.0,27.0,0.0
500857.0,District 2,Balcavem Street,Residential,32.0,15.0,13.0,24.0,12.0,20.0,18.0,8.0,19.0,9.0,16.0,14.0,32.0
500858.0,District 3,Letada Street,Residential,0.0,6.0,0.0,29.0,15.0,18.0,9.0,9.0,12.0,6.0,9.0,9.0,0.0
500861.0,District 4,Alicante Street,Residential,0.0,46.0,16.0,25.0,13.0,18.0,9.0,12.0,18.0,10.0,9.0,12.0,0.0
500862.0,District 2,Jones Street,Commercial,13.0,8.0,13.0,31.0,15.0,19.0,10.0,18.0,0.0,30.0,11.0,11.0,13.0
500863.0,,Bartolabac Street,Commercial,0.0,34.0,14.0,28.0,14.0,21.0,19.0,19.0,16.0,8.0,26.0,17.0,0.0
500864.0,District 3,Espinosa Street,Commercial,72.0,60.0,0.0,72.0,36.0,15.0,22.0,16.0,23.0,19.0,45.0,45.0,72.0
500865.0,District 2,Jones Street,Residential,15.0,10.0,0.0,45.0,23.0,23.0,9.0,12.0,18.0,14.0,19.0,24.0,15.0
500866.0,District 2,Fabmar Street,Residential,9.0,5.0,5.0,19.0,9.0,8.0,5.0,8.0,9.0,2.0,5.0,5.0,9.0
500867.0,District 1,Bailon Street,Commercial,23.0,11.0,0.0,44.0,22.0,20.0,21.0,25.0,25.0,19.0,18.0,12.0,23.0
500868.0,District 2,Jones Street,Residential,11.0,11.0,15.0,25.0,13.0,11.0,6.0,12.0,14.0,10.0,14.0,15.0,11.0
500869.0,District 2,Bailon Street,Residential,60.0,0.0,0.0,57.0,29.0,12.0,10.0,9.0,10.0,29.0,5.0,27.0,60.0
500870.0,District 4,Lique Street,Commercial,0.0,0.0,158.0,139.0,69.0,92.0,59.0,48.0,88.0,28.0,72.0,75.0,0.0
500871.0,,Moyot Street,Residential,0.0,0.0,0.0,0.0,0.0,0.0,0.0,0.0,0.0,5.0,8.0,10.0,0.0
500872.0,District 3,Flores Street,Residential,8.0,8.0,10.0,24.0,12.0,17.0,8.0,7.0,12.0,9.0,12.0,5.0,8.0
500873.0,District 2,Jones Street,Residential,7.0,5.0,11.0,23.0,11.0,18.0,9.0,5.0,8.0,0.0,0.0,0.0,7.0
500874.0,District 2,Jones Street,Residential,9.0,6.0,8.0,22.0,11.0,10.0,8.0,12.0,15.0,8.0,7.0,7.0,9.0
500876.0,District 4,Lique Street,Residential,0.0,23.0,16.0,39.0,19.0,21.0,19.0,14.0,15.0,17.0,15.0,17.0,0.0
500878.0,District 4,Lique Street,Residential,0.0,0.0,0.0,0.0,0.0,0.0,0.0,0.0,0.0,0.0,0.0,0.0,0.0
500879.0,District 2,Jones Street,Residential,11.0,9.0,22.0,17.0,9.0,16.0,18.0,12.0,0.0,0.0,0.0,0.0,11.0
500880.0,,Moyot Street,Residential,18.0,15.0,16.0,28.0,14.0,22.0,13.0,14.0,15.0,8.0,23.0,8.0,18.0
500881.0,District 2,Fabmar Street,Residential,29.0,11.0,18.0,39.0,19.0,20.0,10.0,38.0,76.0,31.0,26.0,5.0,29.0
500882.0,District 3,Balintong Street,Residential,0.0,52.0,0.0,0.0,0.0,234.0,36.0,17.0,37.0,25.0,43.0,48.0,0.0
500883.0,District 2,Jones Street,Residential,10.0,8.0,11.0,21.0,11.0,15.0,9.0,12.0,18.0,7.0,10.0,9.0,10.0
500884.0,District 2,Fabmar Street,Residential,11.0,6.0,4.0,0.0,0.0,0.0,0.0,0.0,0.0,2.0,0.0,0.0,11.0
500886.0,District 2,Esparrago Street,Residential,0.0,0.0,0.0,0.0,0.0,0.0,0.0,0.0,0.0,0.0,0.0,41.0,0.0
500888.0,District 3,Altarejos Street,Residential,0.0,0.0,0.0,0.0,0.0,0.0,0.0,0.0,4.0,0.0,0.0,2.0,0.0
500889.0,District 3,Amican Street,Residential,0.0,0.0,0.0,0.0,0.0,0.0,0.0,0.0,0.0,0.0,6.0,2.0,0.0
500890.0,District 2,Jones Street,Residential,0.0,0.0,0.0,0.0,0.0,0.0,5.0,6.0,9.0,5.0,7.0,5.0,0.0
500891.0,District 2,Bailon Street,Residential,6.0,0.0,0.0,0.0,0.0,0.0,0.0,0.0,0.0,0.0,0.0,0.0,6.0
500892.0,District 2,Fabmar Street,Residential,10.0,7.0,6.0,23.0,11.0,10.0,13.0,21.0,29.0,14.0,15.0,16.0,10.0
500894.0,,Moyot Street,Residential,9.0,3.0,4.0,6.0,3.0,5.0,4.0,8.0,12.0,5.0,6.0,4.0,9.0
500895.0,District 4,Villamor Street,Residential,0.0,66.0,0.0,27.0,13.0,1.0,0.0,0.0,0.0,0.0,0.0,0.0,0.0
500898.0,District 2,Jones Street,Residential,24.0,75.0,73.0,0.0,0.0,0.0,45.0,46.0,66.0,46.0,70.0,69.0,24.0
500900.0,District 3,Esparrago Street,Residential,49.0,16.0,23.0,52.0,26.0,47.0,49.0,56.0,70.0,29.0,35.0,37.0,49.0
500901.0,District 2,Jones Street,Residential,21.0,8.0,19.0,0.0,0.0,73.0,15.0,22.0,0.0,0.0,0.0,15.0,21.0
500902.0,District 2,Fabmar Street,Residential,8.0,4.0,4.0,26.0,13.0,5.0,6.0,9.0,9.0,6.0,7.0,8.0,8.0
500903.0,District 2,Balcavem Street,Residential,,,,,,,,,,0.0,0.0,0.0,
500904.0,District 3,Espinosa Street,Residential,104.0,67.0,0.0,215.0,107.0,47.0,45.0,44.0,53.0,3.0,7.0,28.0,104.0
500905.0,District 2,Alicante Street,Residential,0.0,30.0,25.0,38.0,19.0,28.0,13.0,0.0,21.0,14.0,21.0,19.0,0.0
500907.0,District 2,Alicante Street,Commercial,0.0,3.0,2.0,23.0,11.0,28.0,10.0,11.0,18.0,10.0,14.0,11.0,0.0
500909.0,District 4,Lique Street,Residential,0.0,16.0,3.0,12.0,6.0,11.0,7.0,5.0,10.0,6.0,7.0,10.0,0.0
500912.0,District 3,Balintong Street,Residential,0.0,52.0,0.0,138.0,69.0,89.0,45.0,34.0,51.0,33.0,46.0,45.0,0.0
500914.0,District 2,Fabmar Street,Residential,24.0,13.0,0.0,0.0,0.0,0.0,0.0,0.0,0.0,0.0,10.0,7.0,24.0
500915.0,District 2,Esparrago Street,Residential,2.0,116.0,1.0,0.0,0.0,1.0,2.0,1.0,1.0,22.0,0.0,0.0,2.0
500916.0,,Moyot Street,Residential,0.0,0.0,0.0,51.5,25.5,17.0,13.5,0.0,30.0,15.0,11.0,0.0,0.0
500917.0,District 2,Jones Street,Commercial,0.0,0.0,0.0,0.0,0.0,0.0,0.0,0.0,0.0,0.0,0.0,0.0,0.0
500918.0,District 3,Balintong Street,Residential,0.0,0.0,0.0,0.0,0.0,0.0,0.0,0.0,0.0,0.0,0.0,0.0,0.0
500921.0,District 1,Lique Street,Residential,0.0,17.0,12.0,25.0,13.0,17.0,14.0,11.0,9.0,5.0,5.0,9.0,0.0
500922.0,District 2,Jones Street,Residential,1.0,0.0,0.0,0.0,0.0,0.0,0.0,0.0,190.0,91.0,0.0,0.0,1.0
500923.0,District 3,Letada Street,Residential,0.0,0.0,0.0,0.0,0.0,4.0,5.0,8.0,9.0,6.0,7.0,8.0,0.0
500924.0,District 2,Balcavem Street,Residential,15.0,0.0,0.0,0.0,0.0,9.0,11.0,9.0,12.0,9.0,9.0,10.0,15.0
500925.0,District 2,Don Juan Street,Residential,0.0,26.0,0.0,48.0,24.0,12.0,16.0,15.0,21.0,10.0,16.0,14.0,0.0
500926.0,District 2,Esparrago Street,Residential,73.0,47.0,50.0,65.0,33.0,17.0,0.0,20.0,28.0,16.0,17.0,19.0,73.0
500927.0,District 2,Balcavem Street,Residential,14.0,11.0,14.0,0.0,0.0,0.0,9.0,6.0,5.0,0.0,0.0,0.0,14.0
500928.0,District 3,Letada Street,Commercial,0.0,25.0,0.0,33.0,17.0,23.0,8.0,12.0,15.0,12.0,18.0,14.0,0.0
500930.0,District 2,Fabmar Street,Residential,0.0,0.0,0.0,0.0,0.0,6.0,5.0,8.0,11.0,5.0,17.0,9.0,0.0
500931.0,District 2,Fabmar Street,Commercial,15.0,4.0,4.0,21.0,11.0,10.0,8.0,17.0,22.0,10.0,15.0,12.0,15.0
500933.0,District 3,Altarejos Street,Residential,0.0,34.0,22.0,28.0,14.0,20.0,12.0,19.0,0.0,0.0,0.0,0.0,0.0
500934.0,District 2,Balcavem Street,Residential,0.0,0.0,0.0,0.0,0.0,0.0,0.0,0.0,0.0,0.0,0.0,0.0,0.0
500935.0,District 4,Lique Street,Residential,0.0,0.0,0.0,0.0,0.0,0.0,0.0,0.0,0.0,0.0,0.0,0.0,0.0
500937.0,District 3,Balintong Street,Residential,0.0,23.0,0.0,53.0,27.0,31.0,17.0,15.0,24.0,14.0,11.0,27.0,0.0
500938.0,District 4,Bartolay Street,Residential,0.0,49.0,0.0,66.0,33.0,22.0,22.0,19.0,30.0,24.0,28.0,23.0,0.0
500939.0,District 4,Bartolay Street,Residential,0.0,24.0,0.0,20.0,10.0,4.0,4.0,4.0,4.0,3.0,3.0,3.0,0.0
500941.0,District 4,Alicante Street,Commercial,0.0,2.0,0.0,5.0,3.0,3.0,7.0,17.0,22.0,26.0,16.0,7.0,0.0
500943.0,District 2,Balcavem Street,Residential,43.0,29.0,42.0,93.0,47.0,56.0,56.0,43.0,76.0,38.0,91.0,46.0,43.0
500945.0,,Bartolabac Street,Residential,0.0,36.0,20.0,47.0,23.0,31.0,30.0,33.0,33.0,26.0,53.0,44.0,0.0
500946.0,District 4,Bartolay Street,Residential,0.0,85.0,0.0,95.0,47.0,16.0,42.0,33.0,27.0,21.0,24.0,23.0,0.0
500947.0,District 2,Jones Street,Residential,14.0,16.0,25.0,37.0,19.0,23.0,14.0,15.0,18.0,14.0,22.0,23.0,14.0
500949.0,District 2,Jones Street,Residential,33.0,21.0,30.0,55.0,27.0,32.0,28.0,33.0,64.0,24.0,42.0,24.0,33.0
500951.0,District 2,Jones Street,Residential,6.0,5.0,10.0,16.0,8.0,9.0,8.0,6.0,10.0,6.0,6.0,7.0,6.0
500952.0,District 3,Lique Street,Residential,0.0,13.0,10.0,23.0,11.0,13.0,12.0,9.0,16.0,13.0,13.0,17.0,0.0
500953.0,District 3,Bartolabac Street,Residential,0.0,49.0,16.0,57.0,29.0,31.0,24.0,27.0,25.0,15.0,15.0,14.0,0.0
500954.0,,Moyot Street,Residential,15.0,11.0,12.0,21.0,11.0,16.0,11.0,8.0,13.0,10.0,16.0,17.0,15.0
500955.0,District 3,Letada Street,Residential,0.0,0.0,0.0,43.0,21.0,0.0,0.0,0.0,0.0,0.0,0.0,0.0,0.0
500956.0,District 2,Jones Street,Residential,14.0,12.0,12.0,13.0,7.0,15.0,6.0,9.0,12.0,9.0,12.0,9.0,14.0
500957.0,District 1,Bailon Street,Commercial,0.0,0.0,0.0,0.0,0.0,0.0,0.0,0.0,0.0,8.0,1.0,0.0,0.0
500958.0,District 2,Don Juan Street,Residential,0.0,0.0,0.0,0.0,0.0,0.0,0.0,0.0,0.0,3.0,7.0,9.0,0.0
500959.0,,Moyot Street,Residential,0.0,0.0,0.0,0.0,0.0,0.0,0.0,0.0,0.0,0.0,0.0,0.0,0.0
500960.0,District 2,Jones Street,Residential,0.0,0.0,0.0,0.0,0.0,0.0,0.0,1.0,3.0,1.0,0.0,1.0,0.0
500961.0,District 2,Fabmar Street,Residential,7.0,4.0,5.0,25.0,13.0,8.0,0.0,0.0,0.0,77.0,20.0,29.0,7.0
500963.0,District 2,Jones Street,Residential,0.0,0.0,0.0,0.0,0.0,0.0,0.0,0.0,0.0,0.0,0.0,1.0,0.0
500964.0,District 2,Balcavem Street,Residential,18.0,7.0,9.0,31.0,15.0,21.0,14.0,14.0,17.0,19.0,18.0,13.0,18.0
500966.0,District 2,Jones Street,Residential,8.0,6.0,10.0,21.0,11.0,12.0,7.0,9.0,10.0,6.0,4.0,0.0,8.0
500967.0,District 2,Balcavem Street,Residential,30.0,21.0,27.0,46.0,23.0,36.0,23.0,17.0,41.0,16.0,22.0,5.0,30.0
500968.0,District 2,Balcavem Street,Residential,18.0,9.0,15.0,19.0,9.0,18.0,13.0,12.0,18.0,9.0,13.0,9.0,18.0
500969.0,District 2,Fabmar Street,Residential,0.0,40.0,15.0,40.0,20.0,16.0,11.0,17.0,26.0,8.0,13.0,14.0,0.0
500971.0,District 3,Bartolabac Street,Residential,0.0,0.0,15.0,28.0,14.0,22.0,14.0,15.0,22.0,15.0,24.0,16.0,0.0
500973.0,District 2,Alicante Street,Commercial,0.0,5.0,6.0,6.0,3.0,5.0,6.0,2.0,3.0,2.0,2.0,3.0,0.0
500974.0,District 4,Bartolay Street,Residential,0.0,70.0,0.0,123.0,61.0,44.0,44.0,28.0,41.0,28.0,40.0,0.0,0.0
500975.0,District 2,Balcavem Street,Residential,28.0,13.0,20.0,38.0,19.0,26.0,18.0,20.0,32.0,12.0,21.0,21.0,28.0
500977.0,District 2,Esparrago Street,Residential,23.0,12.0,0.0,0.0,0.0,0.0,0.0,0.0,0.0,12.0,18.0,15.0,23.0
500978.0,District 2,Alicante Street,Residential,0.0,26.0,13.0,26.0,13.0,19.0,10.0,14.0,23.0,14.0,18.0,16.0,0.0
500979.0,District 2,Jones Street,Residential,13.0,3.0,17.0,30.0,15.0,18.0,12.0,16.0,23.0,10.0,14.0,13.0,13.0
500980.0,District 3,Alicante Street,Residential,0.0,0.0,0.0,17.0,8.5,5.0,3.0,6.0,3.0,0.0,0.0,0.0,0.0
500981.0,,Gutierrez Street,Residential,0.0,33.0,0.0,49.0,25.0,22.0,22.0,21.0,25.0,16.0,19.0,16.0,0.0
500982.0,District 3,Altarejos Street,Residential,0.0,23.0,12.0,36.0,18.0,22.0,20.0,20.0,21.0,18.0,16.0,20.0,0.0
500983.0,District 3,Almonte Street,Residential,0.0,35.0,0.0,66.0,33.0,23.0,24.0,11.0,23.0,13.0,15.0,17.0,0.0
500984.0,District 2,Alicante Street,Commercial,0.0,29.0,20.0,22.0,11.0,18.0,15.0,34.0,36.0,8.0,7.0,8.0,0.0
500985.0,District 2,Alicante Street,Residential,0.0,17.0,11.0,2.0,1.0,1.0,0.0,2.0,1.0,0.0,3.0,5.0,0.0
500987.0,District 2,Alicante Street,Residential,0.0,0.0,0.0,0.0,0.0,0.0,0.0,0.0,22.0,5.0,7.0,7.0,0.0
500988.0,District 3,Almonte Street,Residential,0.0,0.0,0.0,0.0,0.0,0.0,0.0,0.0,0.0,0.0,0.0,0.0,0.0
500990.0,District 4,Alicante Street,Residential,0.0,34.0,0.0,66.0,33.0,36.0,19.0,27.0,33.0,19.0,27.0,26.0,0.0
500992.0,District 2,Balcavem Street,Residential,28.0,13.0,24.0,36.0,18.0,27.0,21.0,12.0,27.0,12.0,24.0,24.0,28.0
500993.0,District 2,Balcavem Street,Residential,90.0,48.0,69.0,102.0,51.0,94.0,51.0,48.0,84.0,40.0,59.0,49.0,90.0
500996.0,District 2,Bailon Street,Residential,85.0,37.0,0.0,130.0,65.0,54.0,37.0,52.0,38.0,38.0,24.0,40.0,85.0
500998.0,District 1,Bailon Street,Residential,0.0,0.0,0.0,0.0,0.0,41.0,9.0,9.0,13.0,11.0,2.0,8.0,0.0
500999.0,District 1,Bailon Street,Commercial,0.0,0.0,0.0,0.0,0.0,0.0,0.0,0.0,0.0,0.0,0.0,0.0,0.0
501000.0,District 1,Bailon Street,Residential,0.0,0.0,0.0,0.0,0.0,0.0,0.0,0.0,0.0,0.0,0.0,0.0,0.0
501001.0,District 2,Bailon Street,Commercial,25.0,11.0,0.0,109.0,55.0,12.0,37.0,88.0,67.0,155.0,58.0,98.0,25.0
501002.0,District 1,Bailon Street,Commercial,0.0,0.0,0.0,0.0,0.0,19.0,16.0,48.0,0.0,0.0,8.0,11.0,0.0
501003.0,District 3,Bartolabac Street,Residential,0.0,49.0,23.0,56.0,28.0,31.0,26.0,28.0,29.0,20.0,24.0,19.0,0.0
501004.0,District 2,Don Juan Street,Residential,37.0,22.0,24.0,52.0,26.0,28.0,38.0,13.0,32.0,13.0,23.0,19.0,37.0
501005.0,District 2,Balcavem Street,Residential,14.0,11.0,15.0,27.0,13.0,15.0,12.0,9.0,12.0,10.0,12.0,10.0,14.0
501007.0,District 2,Balcavem Street,Residential,24.0,11.0,17.0,33.0,17.0,24.0,16.0,15.0,24.0,10.0,16.0,19.0,24.0
501008.0,District 2,Balcavem Street,Residential,0.0,0.0,0.0,0.0,0.0,0.0,0.0,0.0,0.0,1.0,1.0,2.0,0.0
501009.0,District 2,Balcavem Street,Residential,6.0,2.0,4.0,7.0,3.0,7.0,7.0,5.0,6.0,1.0,3.0,6.0,6.0
501010.0,District 3,Letada Street,Residential,0.0,62.0,0.0,0.0,0.0,40.0,27.0,27.0,37.0,28.0,16.0,27.0,0.0
501011.0,District 2,Balcavem Street,Commercial,30.0,25.0,0.0,53.0,27.0,7.0,5.0,0.0,1.0,0.0,0.0,0.0,30.0
501013.0,District 3,Balintong Street,Residential,0.0,3.0,0.0,0.0,0.0,0.0,0.0,0.0,0.0,0.0,0.0,0.0,0.0
501014.0,District 4,Barsaga Street,Residential,0.0,0.0,0.0,0.0,0.0,0.0,0.0,0.0,0.0,0.0,42.0,0.0,0.0
501015.0,District 1,Bailon Street,Commercial,32.0,0.0,0.0,55.0,27.0,18.0,14.0,18.0,22.0,18.0,17.0,19.0,32.0
501016.0,District 1,Bailon Street,Commercial,30.0,0.0,0.0,95.0,47.0,5.0,0.0,0.0,1.0,0.0,0.0,0.0,30.0
501017.0,,Bartolabac Street,Residential,0.0,34.0,12.0,44.0,22.0,21.0,15.0,11.0,20.0,9.0,11.0,11.0,0.0
501018.0,,Bartolabac Street,Commercial,0.0,0.0,0.0,0.0,0.0,0.0,0.0,0.0,0.0,0.0,0.0,0.0,0.0
501019.0,District 3,Altarejos Street,Commercial,0.0,2.0,1.0,6.0,3.0,0.0,0.0,0.0,2.0,2.0,7.0,2.0,0.0
501020.0,District 3,Alicante Street,Commercial,0.0,24.0,15.0,35.0,17.0,9.0,10.0,5.0,25.0,13.0,24.0,25.0,0.0
501022.0,District 4,Flores Street,Residential,0.0,6.0,6.0,1.0,1.0,24.0,4.0,7.0,11.0,6.0,10.0,9.0,0.0
501023.0,District 4,Alicante Street,Residential,0.0,10.0,0.0,0.0,0.0,25.0,3.0,6.0,8.0,6.0,7.0,7.0,0.0
501025.0,District 1,Alicante Street,Residential,0.0,28.0,16.0,29.0,15.0,16.0,10.0,17.0,22.0,11.0,13.0,15.0,0.0
501026.0,District 3,Altarejos Street,Residential,0.0,31.0,20.0,55.0,27.0,34.0,20.0,32.0,33.0,21.0,21.0,27.0,0.0
501027.0,District 3,Altarejos Street,Residential,0.0,19.0,9.0,21.0,11.0,13.0,9.0,14.0,14.0,11.0,10.0,13.0,0.0
501028.0,District 4,Alicante Street,Residential,0.0,47.0,27.0,19.0,9.0,89.0,27.0,33.0,59.0,26.0,34.0,22.0,0.0
501029.0,District 1,Bartolay Street,Residential,0.0,21.0,0.0,34.0,17.0,12.0,13.0,12.0,13.0,10.0,10.0,11.0,0.0
501031.0,District 4,Flores Street,Residential,0.0,0.0,0.0,0.0,0.0,0.0,0.0,0.0,8.0,5.0,5.0,1.0,0.0
501033.0,District 3,Esparrago Street,Residential,47.0,2.0,0.0,64.0,32.0,4.0,0.0,1.0,5.0,0.0,12.0,13.0,47.0
501034.0,District 1,Esparrago Street,Residential,0.0,69.0,40.0,30.0,15.0,27.0,29.0,29.0,45.0,26.0,34.0,49.0,0.0
501035.0,District 3,Letada Street,Residential,0.0,7.0,0.0,30.0,15.0,14.0,9.0,11.0,13.0,10.0,10.0,5.0,0.0
501037.0,District 2,Fabmar Street,Residential,31.0,21.0,25.0,75.0,37.0,26.0,14.0,22.0,38.0,11.0,18.0,19.0,31.0
501038.0,District 3,Flores Street,Residential,70.0,53.0,80.0,134.0,67.0,70.0,41.0,46.0,59.0,32.0,53.0,47.0,70.0
501039.0,District 3,Bartolay Street,Residential,0.0,12.0,0.0,31.0,15.0,0.0,0.0,0.0,13.0,13.0,14.0,10.0,0.0
501040.0,District 3,Flores Street,Residential,10.0,7.0,12.0,19.0,9.0,14.0,6.0,10.0,12.0,7.0,13.0,9.0,10.0
501041.0,District 4,Barsaga Street,Residential,0.0,51.0,0.0,94.0,47.0,38.0,35.0,33.0,0.0,46.0,28.0,21.0,0.0
501042.0,District 1,Esparrago Street,Residential,27.0,10.0,20.0,43.0,21.0,25.0,30.0,25.0,31.0,15.0,16.0,25.0,27.0
501043.0,,Moyot Street,Residential,0.0,0.0,0.0,0.0,0.0,0.0,0.0,0.0,8.0,6.0,9.0,9.0,0.0
501044.0,District 4,Flores Street,Residential,15.0,15.0,12.0,27.0,13.0,19.0,10.0,11.0,18.0,15.0,14.0,12.0,15.0
501045.0,District 2,Fabmar Street,Residential,50.0,26.0,30.0,109.0,55.0,42.0,34.0,48.0,48.0,13.0,24.0,19.0,50.0
501046.0,District 2,Fabmar Street,Residential,5.0,5.0,0.0,0.0,0.0,0.0,0.0,0.0,0.0,0.0,0.0,0.0,5.0
501047.0,,Bartolabac Street,Residential,0.0,37.0,15.0,35.0,17.0,20.0,17.0,18.0,22.0,11.0,12.0,11.0,0.0
501048.0,District 2,Alicante Street,Residential,0.0,95.0,51.0,71.0,35.0,41.0,39.0,29.0,50.0,20.0,28.0,29.0,0.0
501050.0,District 4,Flores Street,Residential,50.0,34.0,37.0,0.0,0.0,135.0,18.0,27.0,49.0,0.0,77.0,21.0,50.0
501052.0,District 3,Balintong Street,Commercial,0.0,17.0,0.0,43.0,21.0,29.0,21.0,13.0,22.0,13.0,16.0,18.0,0.0
501054.0,District 2,Jones Street,Residential,0.0,0.0,0.0,0.0,0.0,0.0,0.0,0.0,0.0,0.0,0.0,0.0,0.0
501056.0,District 2,Jones Street,Residential,4.0,8.0,4.0,9.0,5.0,5.0,0.0,0.0,0.0,0.0,0.0,0.0,4.0
501057.0,District 2,Jones Street,Residential,17.0,16.0,20.0,24.0,12.0,23.0,12.0,11.0,15.0,8.0,13.0,15.0,17.0
501058.0,District 2,Jones Street,Residential,19.0,37.0,4.0,43.0,21.0,24.0,17.0,18.0,25.0,14.0,20.0,18.0,19.0
501059.0,District 2,Jones Street,Residential,28.0,21.0,37.0,68.0,34.0,34.0,23.0,22.0,45.0,21.0,32.0,31.0,28.0
501060.0,District 2,Jones Street,Residential,5.0,5.0,7.0,18.0,9.0,9.0,4.0,10.0,12.0,7.0,10.0,9.0,5.0
501061.0,District 2,Jones Street,Residential,26.0,23.0,35.0,65.0,33.0,50.0,25.0,27.0,49.0,25.0,28.0,28.0,26.0
501062.0,District 2,Jones Street,Residential,0.0,0.0,0.0,0.0,0.0,0.0,0.0,0.0,0.0,0.0,0.0,0.0,0.0
501064.0,District 2,Jones Street,Residential,0.0,0.0,0.0,0.0,0.0,0.0,0.0,0.0,0.0,0.0,0.0,0.0,0.0
501065.0,District 2,Fabmar Street,Residential,0.0,0.0,0.0,0.0,0.0,0.0,1.0,0.0,0.0,0.0,0.0,0.0,0.0
501066.0,District 2,Jones Street,Residential,23.0,20.0,27.0,46.0,23.0,29.0,25.0,28.0,42.0,27.0,32.0,28.0,23.0
501067.0,District 3,Almonte Street,Residential,0.0,0.0,0.0,0.0,0.0,0.0,0.0,0.0,20.0,11.0,14.0,18.0,0.0
501069.0,District 2,Jones Street,Residential,4.0,2.0,2.0,9.0,5.0,3.0,1.0,3.0,3.0,2.0,2.0,3.0,4.0
501071.0,District 2,Jones Street,Residential,0.0,0.0,0.0,0.0,0.0,19.0,12.0,12.0,16.0,15.0,29.0,21.0,0.0
501072.0,District 3,Amican Street,Residential,0.0,16.0,10.0,4.0,2.0,24.0,8.0,6.0,8.0,5.0,9.0,57.0,0.0
501073.0,District 2,Jones Street,Residential,29.0,24.0,34.0,50.0,25.0,24.0,11.0,17.0,26.0,18.0,20.0,17.0,29.0
501074.0,District 2,Jones Street,Residential,6.0,5.0,7.0,12.0,6.0,6.0,3.0,4.0,8.0,5.0,3.0,0.0,6.0
501075.0,District 2,Jones Street,Residential,43.0,24.0,44.0,74.0,37.0,52.0,31.0,48.0,82.0,43.0,61.0,49.0,43.0
501077.0,District 3,Altarejos Street,Residential,0.0,36.0,19.0,31.0,15.0,33.0,16.0,25.0,22.0,13.0,11.0,18.0,0.0
501078.0,District 2,Jones Street,Residential,0.0,0.0,0.0,13.0,7.0,9.0,4.0,7.0,13.0,4.0,6.0,6.0,0.0
501080.0,District 2,Jones Street,Residential,13.0,11.0,15.0,28.0,14.0,22.0,12.0,15.0,22.0,8.0,13.0,12.0,13.0
501082.0,District 2,Jones Street,Residential,0.0,0.0,0.0,0.0,0.0,0.0,4.0,5.0,7.0,4.0,5.0,4.0,0.0
501083.0,District 4,Bartolay Street,Residential,0.0,15.0,0.0,28.0,14.0,10.0,6.0,9.0,16.0,5.0,4.0,17.0,0.0
501085.0,District 1,Bartolay Street,Residential,0.0,0.0,0.0,0.0,0.0,30.0,28.0,30.0,36.0,25.0,24.0,23.0,0.0
501086.0,District 2,Jones Street,Residential,,,,,,,,,,0.0,0.0,0.0,
501087.0,District 2,Jones Street,Residential,20.0,16.0,23.0,40.0,20.0,27.0,20.0,23.0,32.0,18.0,25.0,23.0,20.0
501088.0,District 3,Alicante Street,Residential,0.0,20.0,14.0,25.0,13.0,17.0,13.0,15.0,21.0,9.0,12.0,14.0,0.0
501089.0,District 3,Altarejos Street,Residential,0.0,76.0,60.0,11.0,5.0,60.0,29.0,49.0,85.0,2.0,4.0,0.0,0.0
501093.0,District 2,Jones Street,Residential,12.0,9.0,10.0,0.0,0.0,66.0,4.0,7.0,37.0,66.0,81.0,36.0,12.0
501094.0,District 3,Flores Street,Residential,0.0,0.0,0.0,0.0,0.0,0.0,0.0,111.0,0.0,0.0,207.0,54.0,0.0
501095.0,District 2,Jones Street,Residential,5.0,6.0,0.0,0.0,0.0,0.0,0.0,0.0,0.0,0.0,0.0,0.0,5.0
501096.0,District 2,Fabmar Street,Residential,0.0,0.0,0.0,0.0,0.0,0.0,0.0,0.0,0.0,0.0,0.0,0.0,0.0
501097.0,District 2,Jones Street,Residential,15.0,11.0,13.0,23.0,11.0,15.0,19.0,14.0,17.0,14.0,16.0,15.0,15.0
501098.0,District 2,Jones Street,Residential,13.0,10.0,19.0,45.0,23.0,27.0,13.0,20.0,27.0,14.0,21.0,17.0,13.0
501099.0,District 2,Balcavem Street,Residential,7.5,5.0,5.0,6.5,3.5,7.5,6.0,3.5,0.0,0.0,0.0,0.0,7.5
501100.0,District 1,Lique Street,Industrial,0.0,177.0,96.0,209.0,105.0,169.0,126.0,98.0,171.0,95.0,90.0,119.0,0.0
501101.0,District 1,Lique Street,Commercial,0.0,4.0,2.0,8.0,4.0,5.0,3.0,2.0,3.0,2.0,2.0,2.0,0.0
501102.0,District 3,Lique Street,Residential,0.0,29.0,19.0,32.0,16.0,20.0,20.0,14.0,27.0,14.0,16.0,19.0,0.0
501103.0,,Moyot Street,Commercial,30.0,27.0,0.0,73.0,37.0,30.0,26.0,22.0,30.0,17.0,29.0,39.0,30.0
501104.0,,Moyot Street,Residential,0.0,0.0,0.0,27.0,13.0,18.0,15.0,15.0,13.0,14.0,16.0,19.0,0.0
501105.0,District 1,Alicante Street,Residential,0.0,16.0,8.0,27.0,13.0,15.0,8.0,12.0,18.0,10.0,13.0,11.0,0.0
501106.0,,Moyot Street,Residential,23.0,12.0,10.0,11.0,5.0,7.0,6.0,5.0,6.0,3.0,5.0,8.0,23.0
501107.0,,Moyot Street,Residential,0.0,0.0,0.0,0.0,0.0,0.0,24.0,17.0,23.0,14.0,17.0,20.0,0.0
501108.0,District 2,Jones Street,Commercial,26.0,23.0,26.0,12.0,6.0,27.0,2.0,1.0,17.0,7.0,5.0,11.0,26.0
501110.0,District 4,Villamor Street,Residential,0.0,0.0,0.0,0.0,0.0,23.0,15.0,21.0,21.0,16.0,20.0,17.0,0.0
501111.0,District 4,Villamor Street,Residential,0.0,42.0,0.0,102.0,51.0,0.0,95.0,53.0,29.0,17.0,31.0,41.0,0.0
501112.0,District 4,Villamor Street,Residential,0.0,26.0,0.0,93.0,47.0,40.0,49.0,53.0,51.0,54.0,19.0,21.0,0.0
501113.0,District 4,Villamor Street,Residential,0.0,30.0,0.0,42.0,21.0,23.0,13.0,9.0,19.0,10.0,12.0,10.0,0.0
501115.0,District 4,Lique Street,Residential,0.0,22.0,15.0,31.0,15.0,23.0,19.0,13.0,21.0,13.0,16.0,17.0,0.0
501117.0,District 1,Bailon Street,Residential,0.0,0.0,0.0,0.0,0.0,30.0,0.0,0.0,0.0,0.0,46.0,37.0,0.0
501119.0,,Moyot Street,Residential,35.0,23.0,32.0,32.0,16.0,20.0,16.0,20.0,28.0,17.0,21.0,0.0,35.0
501120.0,District 3,Espinosa Street,Residential,34.0,29.0,0.0,79.0,39.0,17.0,32.0,33.0,45.0,21.0,37.0,42.0,34.0
501121.0,District 2,Jones Street,Commercial,6.0,2.0,2.0,12.0,6.0,7.0,6.0,7.0,3.0,2.0,11.0,14.0,6.0
501122.0,District 2,Jones Street,Residential,2.0,2.0,12.0,20.0,10.0,8.0,5.0,13.0,0.0,0.0,0.0,0.0,2.0
501124.0,District 2,Don Juan Street,Residential,0.0,78.0,0.0,127.0,63.0,41.0,38.0,38.0,48.0,33.0,41.0,40.0,0.0
501125.0,District 4,Bartolay Street,Residential,0.0,8.0,0.0,6.0,3.0,2.0,1.0,1.0,1.0,0.0,2.0,1.0,0.0
501126.0,District 2,Don Juan Street,Residential,0.0,57.0,0.0,89.0,45.0,35.0,31.0,25.0,47.0,20.0,0.0,0.0,0.0
501127.0,District 3,Flores Street,Residential,30.0,8.0,54.0,69.0,35.0,59.0,29.0,38.0,58.0,36.0,47.0,33.0,30.0
501128.0,District 2,Alicante Street,Residential,0.0,2.0,1.0,0.0,0.0,0.0,0.0,0.0,0.0,0.0,0.0,0.0,0.0
501129.0,District 1,Alicante Street,Residential,0.0,24.0,15.0,30.0,15.0,23.0,20.0,28.0,39.0,23.0,33.0,38.0,0.0
501131.0,District 2,Don Juan Street,Residential,0.0,42.0,0.0,15.0,7.0,0.0,0.0,26.0,7.0,0.0,0.0,0.0,0.0
501132.0,,Moyot Street,Residential,18.0,14.0,13.0,23.0,11.0,32.0,17.0,18.0,15.0,20.0,17.0,15.0,18.0
501133.0,District 3,Flores Street,Residential,24.0,20.0,21.0,32.0,16.0,34.0,18.0,18.0,25.0,19.0,13.0,19.0,24.0
501134.0,District 4,Esparrago Street,Residential,0.0,0.0,15.0,27.0,13.0,21.0,19.0,15.0,23.0,13.0,17.0,19.0,0.0
501135.0,District 3,Letada Street,Residential,0.0,11.0,0.0,0.0,0.0,40.0,11.0,12.0,12.0,6.0,9.0,9.0,0.0
501136.0,District 2,Jones Street,Residential,5.0,4.0,5.0,10.0,5.0,9.0,6.0,7.0,9.0,6.0,7.0,7.0,5.0
501137.0,District 2,Jones Street,Commercial,12.0,13.0,27.0,25.0,13.0,122.0,10.0,20.0,12.0,13.0,10.0,22.0,12.0
501138.0,District 2,Fabmar Street,Residential,94.0,23.0,0.0,88.0,44.0,40.0,20.0,20.0,29.0,14.0,37.0,47.0,94.0
501139.0,,Moyot Street,Residential,61.0,45.0,0.0,0.0,0.0,259.0,67.0,58.0,88.0,37.0,75.0,51.0,61.0
501141.0,District 4,Esparrago Street,Commercial,14.0,11.0,10.0,14.0,7.0,12.0,10.0,11.0,8.0,6.0,6.0,8.0,14.0
501142.0,District 2,Jones Street,Residential,11.0,10.0,15.0,83.0,41.0,59.0,6.0,13.0,16.0,0.0,0.0,0.0,11.0
501143.0,District 4,Grafilo Street,Residential,0.0,16.0,0.0,16.0,8.0,11.0,8.0,0.0,15.0,25.0,0.0,0.0,0.0
501144.0,District 2,Jones Street,Residential,22.0,19.0,39.0,72.0,36.0,22.0,12.0,24.0,22.0,13.0,9.0,9.0,22.0
501146.0,,Moyot Street,Residential,0.0,0.0,0.0,0.0,0.0,0.0,0.0,0.0,0.0,0.0,0.0,0.0,0.0
501147.0,District 2,Don Juan Street,Residential,0.0,36.0,0.0,69.0,35.0,30.0,24.0,22.0,35.0,17.0,30.0,25.0,0.0
501150.0,District 2,Balcavem Street,Residential,36.0,1.0,4.0,3.0,1.0,15.0,7.0,2.0,8.0,2.0,7.0,6.0,36.0
501151.0,District 2,Balcavem Street,Residential,13.0,7.0,0.0,42.0,21.0,21.0,25.0,16.0,25.0,9.0,17.0,11.0,13.0
501152.0,,Bartolabac Street,Residential,0.0,3.0,10.0,19.0,9.0,10.0,7.0,7.0,12.0,9.0,10.0,8.0,0.0
501153.0,District 3,Altarejos Street,Residential,0.0,10.0,0.0,38.0,19.0,10.0,13.0,16.0,3.0,0.0,0.0,0.0,0.0
501154.0,District 4,Esparrago Street,Residential,0.0,0.0,0.0,0.0,0.0,0.0,0.0,0.0,0.0,0.0,0.0,0.0,0.0
501155.0,District 2,Fabmar Street,Residential,0.0,0.0,0.0,0.0,0.0,0.0,0.0,0.0,0.0,0.0,7.0,8.0,0.0
501156.0,District 3,Flores Street,Commercial,26.0,74.0,64.0,93.0,47.0,62.0,36.0,38.0,66.0,35.0,49.0,26.0,26.0
501157.0,District 3,Balintong Street,Residential,0.0,31.0,0.0,82.0,41.0,0.0,0.0,0.0,0.0,0.0,13.0,18.0,0.0
501158.0,District 2,Fabmar Street,Residential,0.0,0.0,11.0,29.0,15.0,11.0,8.0,19.0,41.0,26.0,19.0,23.0,0.0
501159.0,District 2,Fabmar Street,Residential,0.0,0.0,0.0,0.0,0.0,0.0,0.0,0.0,0.0,0.0,0.0,0.0,0.0
501161.0,District 2,Jones Street,Commercial,32.0,23.0,31.0,59.0,29.0,56.0,0.0,45.0,11.0,61.0,45.0,45.0,32.0
501162.0,District 2,Jones Street,Residential,0.0,0.0,0.0,0.0,0.0,0.0,0.0,0.0,0.0,0.0,0.0,0.0,0.0
501164.0,District 2,Jones Street,Residential,8.0,8.0,10.0,24.0,12.0,14.0,7.0,11.0,15.0,5.0,5.0,6.0,8.0
501166.0,District 3,Lique Street,Residential,0.0,3.0,0.0,20.0,10.0,0.0,137.0,19.0,35.0,14.0,4.0,47.0,0.0
501167.0,District 2,Alicante Street,Residential,0.0,17.0,12.0,29.0,15.0,18.0,16.0,13.0,17.0,14.0,17.0,12.0,0.0
501168.0,District 2,Jones Street,Commercial,0.0,0.0,0.0,0.0,0.0,0.0,0.0,0.0,0.0,0.0,0.0,0.0,0.0
501170.0,,Moyot Street,Residential,29.0,29.0,0.0,94.0,47.0,52.0,23.0,32.0,45.0,22.0,40.0,39.0,29.0
501172.0,District 1,Lique Street,Residential,0.0,0.0,0.0,0.0,0.0,0.0,0.0,0.0,0.0,0.0,0.0,0.0,0.0
501173.0,District 2,Fabmar Street,Residential,36.0,22.0,27.0,63.0,31.0,26.0,20.0,34.0,43.0,17.0,31.0,29.0,36.0
501174.0,District 3,Bartolabac Street,Residential,0.0,62.0,30.0,78.0,39.0,38.0,27.0,33.0,30.0,22.0,24.0,19.0,0.0
501175.0,District 3,Espinosa Street,Residential,0.0,0.0,0.0,0.0,0.0,41.0,44.0,34.0,42.0,27.0,38.0,51.0,0.0
501176.0,District 2,Alicante Street,Residential,0.0,0.0,0.0,0.0,197.0,51.0,30.0,31.0,50.0,28.0,33.0,35.0,0.0
501178.0,District 1,Bailon Street,Commercial,35.0,10.0,0.0,40.0,20.0,17.0,13.0,16.0,16.0,15.0,13.0,14.0,35.0
501179.0,,Moyot Street,Residential,0.0,0.0,0.0,0.0,0.0,0.0,0.0,0.0,58.0,38.0,51.0,0.0,0.0
501180.0,District 3,Letada Street,Residential,0.0,17.0,0.0,36.0,18.0,21.0,9.0,18.0,27.0,13.0,16.0,17.0,0.0
501181.0,District 4,Esparrago Street,Residential,25.0,22.0,7.0,31.0,15.0,17.0,14.0,13.0,18.0,19.0,5.0,15.0,25.0
501183.0,,Moyot Street,Residential,44.0,22.0,28.0,61.0,31.0,43.0,34.0,39.0,73.0,50.0,47.0,56.0,44.0
501184.0,District 2,Jones Street,Residential,9.0,9.0,16.0,34.0,17.0,15.0,8.0,15.0,0.0,19.0,9.0,11.0,9.0
501185.0,,Moyot Street,Residential,0.0,0.0,0.0,0.0,0.0,0.0,0.0,0.0,0.0,0.0,0.0,0.0,0.0
501186.0,District 4,Villamor Street,Residential,0.0,70.0,0.0,81.0,41.0,28.0,21.0,36.0,44.0,21.0,23.0,22.0,0.0
501187.0,District 3,Flores Street,Residential,10.0,8.0,8.0,25.0,13.0,24.0,9.0,12.0,15.0,10.0,12.0,9.0,10.0
501188.0,District 4,Esparrago Street,Residential,0.0,0.0,0.0,0.0,0.0,0.0,0.0,0.0,0.0,0.0,0.0,0.0,0.0
501192.0,District 4,Flores Street,Residential,0.0,0.0,0.0,0.0,0.0,0.0,0.0,0.0,0.0,22.0,2.0,8.0,0.0
501193.0,,Moyot Street,Residential,19.0,13.0,0.0,60.0,30.0,0.0,0.0,0.0,32.0,9.0,21.0,13.0,19.0
501194.0,District 2,Jones Street,Residential,6.0,4.0,0.0,24.0,12.0,12.0,0.0,0.0,0.0,0.0,0.0,0.0,6.0
501195.0,District 2,Jones Street,Residential,10.0,10.0,14.0,23.0,11.0,12.0,8.0,9.0,11.0,9.0,9.0,8.0,10.0
501196.0,District 3,Espinosa Street,Residential,21.0,13.0,0.0,43.0,21.0,14.0,21.0,16.0,29.0,16.0,23.0,18.0,21.0
501197.0,District 1,Bailon Street,Residential,50.0,18.0,0.0,42.0,21.0,21.0,17.0,16.0,23.0,18.0,17.0,18.0,50.0
501198.0,District 2,Don Juan Street,Residential,0.0,0.0,0.0,0.0,0.0,0.0,0.0,0.0,0.0,35.0,35.0,39.0,0.0
501200.0,District 2,Fabmar Street,Residential,296.0,176.0,228.0,107.0,53.0,41.0,33.0,37.0,42.0,17.0,28.0,43.0,296.0
501201.0,District 1,Bailon Street,Commercial,14.0,13.0,0.0,16.0,8.0,12.0,0.0,15.0,23.0,11.0,12.0,8.0,14.0
501202.0,District 3,Bartolabac Street,Residential,0.0,51.0,14.0,26.0,13.0,9.0,29.0,18.0,25.0,24.0,13.0,17.0,0.0
501204.0,,Bartolabac Street,Residential,0.0,66.0,27.0,55.0,27.0,35.0,32.0,32.0,40.0,29.0,39.0,36.0,0.0
501205.0,District 2,Jones Street,Residential,156.0,97.0,54.0,120.0,60.0,84.0,130.0,173.0,237.0,161.0,156.0,77.0,156.0
501206.0,District 2,Balcavem Street,Residential,14.0,8.0,13.0,24.0,12.0,20.0,11.0,14.0,7.0,17.0,12.0,10.0,14.0
501207.0,,Bartolabac Street,Residential,0.0,0.0,0.0,0.0,0.0,0.0,0.0,79.0,15.0,10.0,11.0,11.0,0.0
501208.0,District 3,Amican Street,Residential,0.0,0.0,15.0,44.0,22.0,29.0,23.0,19.0,26.0,17.0,22.0,15.0,0.0
501209.0,District 2,Balcavem Street,Residential,0.0,0.0,0.0,0.0,0.0,0.0,0.0,0.0,0.0,0.0,0.0,0.0,0.0
501210.0,District 2,Jones Street,Residential,7.0,6.0,8.0,16.0,8.0,9.0,6.0,6.0,7.0,4.0,5.0,2.0,7.0
501211.0,District 3,Flores Street,Residential,34.0,26.0,33.0,65.0,33.0,44.0,22.0,28.0,36.0,24.0,34.0,26.0,34.0
501212.0,District 3,Amican Street,Residential,0.0,65.0,21.0,77.0,39.0,16.0,18.0,118.0,0.0,0.0,0.0,0.0,0.0
501213.0,,Moyot Street,Residential,17.0,13.0,14.0,25.0,13.0,19.0,12.0,13.0,17.0,10.0,14.0,18.0,17.0
501214.0,,Moyot Street,Residential,0.0,0.0,0.0,185.0,93.0,54.0,33.0,38.0,38.0,19.0,26.0,26.0,0.0
501215.0,District 4,Villamor Street,Residential,0.0,19.0,0.0,41.0,21.0,13.0,8.0,11.0,15.0,8.0,9.0,7.0,0.0
501216.0,District 3,Altarejos Street,Residential,0.0,33.0,16.0,40.0,20.0,23.0,21.0,23.0,37.0,30.0,19.0,19.0,0.0
501217.0,District 4,Villamor Street,Residential,0.0,49.0,0.0,44.0,22.0,27.0,17.0,29.0,38.0,19.0,29.0,24.0,0.0
501218.0,District 3,Almonte Street,Commercial,0.0,0.0,0.0,0.0,0.0,0.0,0.0,0.0,0.0,0.0,0.0,0.0,0.0
501219.0,District 4,Alicante Street,Residential,0.0,26.0,14.0,15.0,7.0,5.0,2.0,5.0,9.0,10.0,12.0,9.0,0.0
501220.0,District 3,Amican Street,Residential,0.0,39.0,0.0,23.0,11.0,14.0,11.0,6.0,17.0,13.0,18.0,10.0,0.0
501221.0,District 2,Bailon Street,Residential,25.0,16.0,0.0,66.0,33.0,22.0,37.0,36.0,22.0,34.0,20.0,32.0,25.0
501222.0,District 2,Balcavem Street,Residential,10.0,6.0,7.0,12.0,6.0,5.0,4.0,3.0,5.0,2.0,4.0,3.0,10.0
501223.0,,Bartolabac Street,Commercial,0.0,66.0,1.0,63.0,31.0,29.0,0.0,19.0,27.0,40.0,53.0,20.0,0.0
501224.0,District 3,Amican Street,Residential,0.0,109.0,36.0,113.0,57.0,70.0,52.0,49.0,78.0,52.0,70.0,41.0,0.0
501225.0,District 3,Letada Street,Residential,0.0,5.0,0.0,12.0,6.0,6.0,2.0,4.0,6.0,2.0,5.0,0.0,0.0
501226.0,District 4,Barsaga Street,Commercial,0.0,63.0,0.0,51.0,25.0,0.0,0.0,0.0,0.0,0.0,0.0,0.0,0.0
501227.0,District 2,Esparrago Street,Residential,0.0,0.0,0.0,0.0,0.0,0.0,0.0,0.0,0.0,11.0,18.0,24.0,0.0
501228.0,District 4,Villamor Street,Residential,0.0,0.0,0.0,0.0,0.0,0.0,0.0,0.0,0.0,0.0,0.0,0.0,0.0
501229.0,District 2,Esparrago Street,Residential,0.0,0.0,0.0,0.0,0.0,0.0,0.0,0.0,0.0,0.0,0.0,0.0,0.0
501230.0,District 2,Jones Street,Residential,0.0,0.0,0.0,0.0,0.0,0.0,0.0,0.0,0.0,0.0,0.0,0.0,0.0
501232.0,District 1,Alicante Street,Residential,0.0,0.0,0.0,0.0,0.0,0.0,0.0,0.0,0.0,0.0,0.0,0.0,0.0
501233.0,District 3,Amican Street,Residential,0.0,24.0,13.0,0.0,0.0,39.0,10.0,8.0,14.0,7.0,11.0,8.0,0.0
501234.0,District 3,Amican Street,Residential,0.0,0.0,0.0,0.0,0.0,0.0,0.0,0.0,0.0,0.0,0.0,0.0,0.0
501235.0,District 3,Balintong Street,Residential,0.0,9.0,0.0,55.0,27.0,15.0,4.0,12.0,30.0,21.0,18.0,52.0,0.0
501236.0,District 3,Bartolay Street,Residential,0.0,180.0,0.0,296.0,148.0,124.0,118.0,76.0,0.0,0.0,0.0,0.0,0.0
501237.0,District 2,Balcavem Street,Residential,20.0,11.0,15.0,30.0,15.0,22.0,13.0,15.0,20.0,9.0,18.0,15.0,20.0
501238.0,District 2,Don Juan Street,Residential,0.0,0.0,0.0,0.0,0.0,0.0,0.0,0.0,0.0,0.0,0.0,0.0,0.0
501239.0,District 3,Balintong Street,Residential,0.0,0.0,0.0,0.0,0.0,0.0,0.0,0.0,0.0,8.0,12.0,12.0,0.0
501240.0,District 4,Alicante Street,Residential,0.0,38.0,0.0,71.0,35.0,35.0,19.0,28.0,35.0,23.0,25.0,31.0,0.0
501241.0,District 3,Altarejos Street,Residential,0.0,19.0,10.0,25.0,13.0,14.0,15.0,9.0,0.0,0.0,0.0,0.0,0.0
501242.0,,Bartolabac Street,Residential,0.0,0.0,0.0,0.0,0.0,0.0,0.0,0.0,0.0,0.0,0.0,0.0,0.0
501243.0,District 2,Jones Street,Residential,5.0,4.0,6.0,9.0,5.0,7.0,4.0,6.0,8.0,4.0,5.0,5.0,5.0
501244.0,,Moyot Street,Residential,11.0,0.0,16.0,0.0,0.0,0.0,0.0,0.0,0.0,0.0,0.0,0.0,11.0
501245.0,District 2,Fabmar Street,Residential,31.0,14.0,2.0,5.0,3.0,1.0,10.0,14.0,44.0,0.0,0.0,2.0,31.0
501246.0,,Gutierrez Street,Residential,0.0,23.0,0.0,47.0,23.0,19.0,12.0,13.0,15.0,5.0,7.0,6.0,0.0
501247.0,District 3,Letada Street,Residential,0.0,36.0,0.0,114.0,57.0,58.0,32.0,45.0,57.0,28.0,35.0,33.0,0.0
501248.0,District 2,Jones Street,Residential,6.0,7.0,11.0,6.0,3.0,14.0,9.0,9.0,13.0,8.0,8.0,7.0,6.0
501249.0,District 2,Fabmar Street,Residential,0.0,2.0,2.0,12.0,6.0,10.0,5.0,9.0,27.0,8.0,4.0,4.0,0.0
501250.0,District 1,Gutierrez Street,Residential,0.0,42.0,0.0,52.0,26.0,15.0,19.0,20.0,27.0,12.0,15.0,14.0,0.0
501251.0,,Bartolabac Street,Residential,0.0,44.0,0.0,89.0,45.0,13.0,17.0,11.0,10.0,9.0,14.0,21.0,0.0
501252.0,District 2,Jones Street,Residential,9.0,6.0,7.0,16.0,8.0,10.0,7.0,10.0,14.0,8.0,8.0,9.0,9.0
501253.0,District 3,Flores Street,Residential,0.0,0.0,0.0,0.0,0.0,0.0,0.0,0.0,0.0,0.0,0.0,0.0,0.0
501254.0,,Bartolabac Street,Residential,0.0,0.0,12.0,27.0,13.0,16.0,15.0,15.0,18.0,15.0,16.0,13.0,0.0
501256.0,District 3,Lique Street,Residential,0.0,28.0,0.0,0.0,0.0,94.0,14.0,13.0,0.0,0.0,0.0,0.0,0.0
501257.0,District 4,Villamor Street,Commercial,0.0,88.0,0.0,81.0,41.0,0.0,61.0,31.0,35.0,15.0,35.0,18.0,0.0
501258.0,,Moyot Street,Residential,38.0,12.0,0.0,42.0,21.0,22.0,18.0,0.0,19.0,28.0,17.0,0.0,38.0
501259.0,District 2,Don Juan Street,Residential,0.0,10.0,0.0,22.0,11.0,9.0,8.0,7.0,12.0,5.0,7.0,5.0,0.0
501260.0,District 4,Alicante Street,Residential,0.0,60.0,0.0,84.0,42.0,53.0,27.0,43.0,63.0,41.0,31.0,27.0,0.0
501261.0,,Bartolabac Street,Residential,0.0,0.0,0.0,0.0,0.0,0.0,0.0,0.0,0.0,0.0,0.0,0.0,0.0
501262.0,District 2,Balcavem Street,Residential,23.0,10.0,13.0,28.0,14.0,22.0,11.0,28.0,1.0,9.0,16.0,12.0,23.0
501263.0,District 4,Barsaga Street,Residential,0.0,0.0,0.0,124.0,62.0,49.0,42.0,42.0,0.0,74.0,36.0,30.0,0.0
501264.0,District 2,Don Juan Street,Residential,0.0,62.0,0.0,83.0,41.0,26.0,21.0,24.0,37.0,18.0,24.0,17.0,0.0
501265.0,District 2,Balcavem Street,Residential,29.0,16.0,15.0,35.0,17.0,23.0,18.0,13.0,32.0,12.0,21.0,17.0,29.0
501266.0,District 2,Esparrago Street,Residential,8.0,4.0,5.0,19.0,9.0,15.0,15.0,26.0,26.0,13.0,15.0,14.0,8.0
501267.0,District 2,Jones Street,Residential,10.0,12.0,15.0,36.0,18.0,22.0,24.0,23.0,25.0,17.0,22.0,19.0,10.0
501269.0,,Moyot Street,Commercial,21.0,20.0,0.0,76.0,38.0,32.0,0.0,15.0,28.0,10.0,29.0,21.0,21.0
501272.0,District 3,Letada Street,Residential,0.0,3.0,0.0,1.0,1.0,4.0,3.0,2.0,2.0,2.0,1.0,0.0,0.0
501273.0,District 2,Jones Street,Residential,2.0,2.0,4.0,8.0,4.0,4.0,4.0,4.0,5.0,4.0,4.0,3.0,2.0
501275.0,District 1,Bailon Street,Residential,0.0,0.0,0.0,0.0,0.0,0.0,0.0,0.0,0.0,0.0,0.0,0.0,0.0
501276.0,District 1,Bailon Street,Residential,29.0,0.0,0.0,0.0,0.0,0.0,0.0,0.0,0.0,0.0,31.0,31.0,29.0
501277.0,District 2,Jones Street,Residential,2.0,6.0,5.0,7.0,3.0,5.0,3.0,5.0,6.0,1.0,0.0,3.0,2.0
501278.0,District 4,Esparrago Street,Residential,12.0,16.0,5.0,4.0,2.0,4.0,3.0,2.0,3.0,1.0,4.0,6.0,12.0
501279.0,,Bartolabac Street,Residential,0.0,15.0,9.0,20.0,10.0,10.0,8.0,10.0,10.0,0.0,0.0,0.0,0.0
501280.0,District 2,Alicante Street,Residential,0.0,32.0,23.0,48.0,24.0,14.0,11.0,10.0,20.0,12.0,15.0,14.0,0.0
501281.0,District 2,Fabmar Street,Residential,0.0,0.0,0.0,0.0,0.0,0.0,0.0,0.0,0.0,0.0,0.0,0.0,0.0
501283.0,District 2,Balcavem Street,Residential,36.0,16.0,21.0,43.0,21.0,38.0,21.0,24.0,39.0,18.0,29.0,26.0,36.0
501284.0,District 3,Amican Street,Residential,0.0,44.0,21.0,60.0,30.0,34.0,20.0,21.0,32.0,18.0,20.0,17.0,0.0
501285.0,District 3,Almonte Street,Commercial,0.0,124.0,0.0,122.0,61.0,50.0,132.0,68.0,136.0,75.0,111.0,168.0,0.0
501286.0,District 2,Balcavem Street,Residential,9.0,5.0,7.0,11.0,5.0,11.0,10.0,5.0,6.0,3.0,5.0,7.0,9.0
501287.0,District 4,Barsaga Street,Residential,0.0,0.0,0.0,0.0,0.0,17.0,11.0,16.0,0.0,21.0,12.0,9.0,0.0
501288.0,District 1,Bailon Street,Residential,0.0,59.0,0.0,40.0,20.0,16.0,21.0,40.0,29.0,26.0,20.0,17.0,0.0
501289.0,District 2,Alicante Street,Residential,0.0,41.0,23.0,11.0,5.0,81.0,20.0,19.0,0.0,0.0,0.0,0.0,0.0
501291.0,District 2,Alicante Street,Residential,0.0,0.0,39.0,9.0,5.0,55.0,26.0,26.0,43.0,26.0,30.0,28.0,0.0
501292.0,District 1,Bailon Street,Commercial,0.0,0.0,0.0,0.0,3321.0,0.0,0.0,2.0,0.0,0.0,0.0,0.0,0.0
501294.0,District 3,Almonte Street,Residential,0.0,0.0,0.0,0.0,0.0,0.0,0.0,0.0,72.0,42.0,6.0,28.0,0.0
501295.0,District 1,Bailon Street,Residential,41.0,22.0,0.0,64.0,32.0,33.0,22.0,29.0,31.0,18.0,14.0,25.0,41.0
501296.0,District 3,Flores Street,Residential,37.0,23.0,26.0,64.0,32.0,48.0,26.0,34.0,55.0,29.0,37.0,31.0,37.0
501297.0,District 2,Don Juan Street,Residential,0.0,0.0,0.0,0.0,0.0,0.0,0.0,0.0,0.0,11.0,11.0,10.0,0.0
501299.0,District 2,Jones Street,Residential,92.0,75.0,111.0,204.0,102.0,110.0,67.0,84.0,114.0,64.0,77.0,66.0,92.0
501301.0,District 2,Alicante Street,Residential,0.0,36.0,11.0,21.0,11.0,24.0,13.0,17.0,25.0,13.0,18.0,10.0,0.0
501302.0,,Moyot Street,Commercial,116.0,77.0,0.0,209.0,105.0,100.0,55.0,88.0,99.0,44.0,89.0,80.0,116.0
501303.0,District 2,Balcavem Street,Residential,10.0,13.0,0.0,0.0,0.0,0.0,0.0,0.0,0.0,0.0,0.0,0.0,10.0
501304.0,District 2,Balcavem Street,Residential,12.0,8.0,10.0,22.0,11.0,14.0,10.0,4.0,12.0,7.0,7.0,8.0,12.0
501305.0,,Moyot Street,Residential,12.0,12.0,0.0,39.0,19.0,27.0,10.0,17.0,21.0,11.0,18.0,23.0,12.0
501306.0,District 2,Alicante Street,Residential,0.0,13.0,11.0,26.0,13.0,16.0,9.0,11.0,11.0,6.0,10.0,9.0,0.0
501307.0,District 3,Amican Street,Residential,0.0,0.0,0.0,0.0,0.0,0.0,0.0,0.0,0.0,0.0,0.0,0.0,0.0
501308.0,District 3,Letada Street,Residential,0.0,14.0,0.0,40.0,20.0,17.0,13.0,14.0,26.0,13.0,19.0,17.0,0.0
501309.0,District 1,Bailon Street,Residential,65.0,23.0,0.0,54.0,27.0,0.0,0.0,0.0,0.0,0.0,0.0,0.0,65.0
501311.0,District 2,Balcavem Street,Residential,8.0,4.0,4.0,7.0,3.0,3.0,6.0,0.0,6.0,6.0,9.0,5.0,8.0
501312.0,District 2,Jones Street,Residential,60.0,24.0,39.0,56.0,28.0,37.0,30.0,33.0,45.0,24.0,28.0,38.0,60.0
501313.0,District 2,Bailon Street,Commercial,6.0,4.0,0.0,16.0,8.0,6.0,4.0,5.0,4.0,9.0,5.0,8.0,6.0
501314.0,District 2,Jones Street,Commercial,7.0,6.0,8.0,16.0,8.0,10.0,6.0,8.0,11.0,5.0,7.0,6.0,7.0
501315.0,District 2,Jones Street,Residential,19.0,15.0,33.0,66.0,33.0,40.0,23.0,0.0,84.0,24.0,29.0,26.0,19.0
501316.0,District 3,Flores Street,Residential,0.0,18.0,0.0,0.0,0.0,64.0,10.0,15.0,22.0,14.0,17.0,6.0,0.0
501317.0,District 4,Alicante Street,Residential,0.0,17.0,11.0,16.0,8.0,11.0,7.0,9.0,12.0,8.0,8.0,10.0,0.0
501318.0,District 4,Barsaga Street,Residential,0.0,0.0,0.0,0.0,0.0,0.0,0.0,9.0,0.0,2.0,2.0,3.0,0.0
501320.0,District 1,Bailon Street,Residential,24.0,6.0,0.0,15.0,7.0,15.0,8.0,12.0,9.0,11.0,10.0,13.0,24.0
501321.0,District 2,Jones Street,Commercial,16.0,6.0,7.0,10.0,5.0,10.0,6.0,16.0,31.0,11.0,9.0,0.0,16.0
501322.0,District 2,Balcavem Street,Residential,42.0,21.0,34.0,71.0,35.0,47.0,33.0,31.0,46.0,25.0,33.0,29.0,42.0
501323.0,District 2,Bailon Street,Commercial,0.0,0.0,0.0,47.0,23.0,23.0,12.0,17.0,17.0,18.0,12.0,17.0,0.0
501324.0,District 4,Alicante Street,Commercial,0.0,5.0,4.0,6.0,3.0,8.0,4.0,6.0,8.0,6.0,2.0,3.0,0.0
501325.0,District 4,Villamor Street,Residential,0.0,0.0,0.0,24.0,12.0,19.0,0.0,0.0,19.0,11.0,15.0,9.0,0.0
501326.0,District 1,Lique Street,Residential,0.0,43.0,12.0,100.0,50.0,24.0,0.0,0.0,6.0,12.0,21.0,1.0,0.0
501328.0,District 2,Jones Street,Residential,31.0,17.0,24.0,46.0,23.0,29.0,13.0,23.0,31.0,16.0,21.0,16.0,31.0
501329.0,District 2,Alicante Street,Residential,0.0,30.0,18.0,37.0,19.0,24.0,15.0,16.0,27.0,16.0,17.0,19.0,0.0
501330.0,District 4,Alicante Street,Commercial,0.0,17.0,0.0,0.0,0.0,0.0,0.0,0.0,0.0,0.0,0.0,0.0,0.0
501331.0,District 2,Jones Street,Residential,6.0,6.0,0.0,0.0,0.0,0.0,0.0,0.0,0.0,0.0,0.0,0.0,6.0
501332.0,District 2,Alicante Street,Residential,0.0,4.0,13.0,0.0,0.0,0.0,12.0,48.0,59.0,33.0,42.0,35.0,0.0
501334.0,District 4,Villamor Street,Residential,0.0,32.0,0.0,50.0,25.0,22.0,14.0,16.0,20.0,14.0,16.0,15.0,0.0
501336.0,District 3,Amican Street,Residential,0.0,0.0,59.0,41.0,21.0,20.0,17.0,16.0,19.0,10.0,15.0,4.0,0.0
501337.0,District 2,Balcavem Street,Residential,19.0,7.0,11.0,19.0,9.0,15.0,9.0,8.0,14.0,11.0,16.0,15.0,19.0
501338.0,District 1,Bailon Street,Commercial,0.0,0.0,0.0,0.0,0.0,0.0,5.0,7.0,7.0,0.0,0.0,0.0,0.0
501339.0,District 1,Bailon Street,Commercial,2.0,0.0,0.0,34.0,17.0,9.0,15.0,10.0,13.0,12.0,6.0,9.0,2.0
501340.0,District 1,Bailon Street,Commercial,0.0,0.0,0.0,0.0,0.0,21.0,0.0,0.0,0.0,0.0,0.0,0.0,0.0
501341.0,District 1,Bailon Street,Commercial,0.0,0.0,0.0,0.0,0.0,0.0,0.0,0.0,0.0,27.0,0.0,16.0,0.0
501342.0,District 1,Bailon Street,Commercial,0.0,0.0,0.0,0.0,0.0,0.0,0.0,0.0,0.0,17.0,14.0,17.0,0.0
501343.0,,Moyot Street,Residential,22.0,10.0,0.0,0.0,0.0,61.0,0.0,0.0,53.0,12.0,13.0,29.0,22.0
501344.0,District 2,Alicante Street,Residential,0.0,17.0,9.0,21.0,11.0,16.0,10.0,12.0,13.0,9.0,14.0,11.0,0.0
501346.0,,Moyot Street,Residential,24.0,19.0,0.0,93.0,47.0,0.0,75.0,0.0,45.0,63.0,22.0,0.0,24.0
501347.0,District 2,Esparrago Street,Residential,37.0,15.0,23.0,50.0,25.0,28.0,19.0,18.0,26.0,14.0,19.0,26.0,37.0
501351.0,District 2,Jones Street,Residential,1.0,1.0,0.0,0.0,0.0,0.0,0.0,0.0,0.0,1.0,0.0,0.0,1.0
501352.0,District 3,Flores Street,Residential,60.0,44.0,51.0,116.0,58.0,85.0,47.0,56.0,80.0,45.0,61.0,447.0,60.0
501353.0,District 1,Gutierrez Street,Residential,0.0,56.0,0.0,112.0,56.0,32.0,34.0,33.0,49.0,27.0,40.0,28.0,0.0
501355.0,District 2,Fabmar Street,Residential,39.0,5.0,13.0,26.0,13.0,20.0,26.0,25.0,0.0,63.0,9.0,7.0,39.0
501356.0,District 2,Jones Street,Residential,38.0,38.0,50.0,95.0,47.0,49.0,32.0,51.0,58.0,18.0,45.0,24.0,38.0
501357.0,District 2,Balcavem Street,Residential,51.0,28.0,0.0,62.0,31.0,22.0,18.0,11.0,25.0,7.0,17.0,18.0,51.0
501358.0,,Moyot Street,Residential,104.0,75.0,0.0,308.0,154.0,0.0,125.0,87.0,124.0,76.0,134.0,104.0,104.0
501359.0,,,,0.0,0.0,0.0,0.0,0.0,0.0,0.0,0.0,30.0,15.0,12.0,9.0,0.0
501361.0,District 4,Flores Street,Residential,43.0,48.0,34.0,0.0,0.0,0.0,0.0,0.0,0.0,0.0,0.0,0.0,43.0
501363.0,District 2,Bailon Street,Commercial,0.0,0.0,0.0,88.0,44.0,11.0,29.0,14.0,14.0,30.0,17.0,23.0,0.0
501364.0,District 2,Fabmar Street,Residential,0.0,0.0,0.0,0.0,0.0,0.0,0.0,0.0,0.0,20.0,32.0,32.0,0.0
501365.0,District 3,Amican Street,Commercial,0.0,35.0,16.0,31.0,15.0,23.0,16.0,18.0,36.0,19.0,24.0,10.0,0.0
501366.0,District 2,Jones Street,Residential,30.0,26.0,0.0,111.0,55.0,69.0,61.0,34.0,36.0,29.0,28.0,39.0,30.0
501367.0,District 3,Amican Street,Residential,0.0,32.0,9.0,36.0,18.0,27.0,27.0,20.0,32.0,21.0,29.0,24.0,0.0
501368.0,District 2,Jones Street,Residential,0.0,0.0,0.0,0.0,0.0,0.0,0.0,0.0,0.0,0.0,0.0,0.0,0.0
501369.0,District 2,Fabmar Street,Residential,22.0,83.0,50.0,127.0,63.0,46.0,18.0,14.0,13.0,33.0,28.0,16.0,22.0
501370.0,District 2,Fabmar Street,Residential,58.0,29.0,38.0,110.0,55.0,39.0,30.0,40.0,58.0,24.0,48.0,28.0,58.0
501371.0,District 4,Barsaga Street,Residential,0.0,37.0,0.0,28.0,14.0,16.0,17.0,20.0,0.0,39.0,18.0,11.0,0.0
501372.0,District 2,Jones Street,Residential,23.0,14.0,26.0,49.0,25.0,29.0,16.0,37.0,30.0,17.0,17.0,6.0,23.0
501373.0,,Moyot Street,Residential,15.0,14.0,0.0,47.0,23.0,21.0,12.0,13.0,16.0,8.0,18.0,17.0,15.0
501374.0,,Moyot Street,Residential,0.0,0.0,0.0,0.0,0.0,0.0,0.0,0.0,0.0,0.0,0.0,0.0,0.0
501375.0,,Gutierrez Street,Commercial,0.0,0.0,0.0,0.0,0.0,0.0,0.0,3.0,6.0,1.0,1.0,3.0,0.0
501376.0,District 2,Jones Street,Residential,18.0,18.0,24.0,49.0,25.0,39.0,18.0,25.0,37.0,20.0,49.0,36.0,18.0
501378.0,District 2,Balcavem Street,Residential,0.0,0.0,5.0,24.0,12.0,18.0,12.0,0.0,30.0,4.0,4.0,4.0,0.0
501379.0,District 4,Alicante Street,Residential,0.0,16.0,9.0,4.0,2.0,10.0,6.0,0.0,0.0,0.0,0.0,10.0,0.0
501384.0,District 1,Esparrago Street,Residential,15.0,7.0,11.0,17.0,9.0,13.0,10.0,10.0,12.0,7.0,10.0,21.0,15.0
501385.0,District 2,Moyot Street,Residential,0.0,0.0,0.0,0.0,0.0,0.0,0.0,31.0,37.0,26.0,27.0,21.0,0.0
501386.0,District 2,Bailon Street,Commercial,16.0,8.0,0.0,38.0,19.0,18.0,11.0,12.0,15.0,16.0,7.0,23.0,16.0
501387.0,District 3,Balintong Street,Residential,0.0,0.0,0.0,205.0,103.0,117.0,67.0,18.0,18.0,11.0,19.0,42.0,0.0
501388.0,District 3,Letada Street,Residential,0.0,7.0,0.0,17.0,9.0,6.0,2.0,4.0,6.0,3.0,5.0,6.0,0.0
501389.0,,Moyot Street,Residential,0.0,0.0,0.0,0.0,0.0,0.0,0.0,0.0,0.0,0.0,0.0,0.0,0.0
501390.0,,Moyot Street,Residential,0.0,0.0,0.0,126.0,63.0,64.0,32.0,33.0,51.0,32.0,68.0,48.0,0.0
501391.0,District 2,Jones Street,Residential,0.0,0.0,0.0,0.0,0.0,0.0,0.0,0.0,0.0,0.0,0.0,0.0,0.0
501393.0,District 3,Alicante Street,Commercial,0.0,22.0,16.0,42.0,21.0,31.0,21.0,20.0,30.0,14.0,14.0,16.0,0.0
501394.0,District 4,Flores Street,Residential,17.0,14.0,0.0,1.0,1.0,5.0,2.0,4.0,4.0,2.0,3.0,2.0,17.0
501395.0,District 2,Balcavem Street,Residential,27.0,16.0,36.0,45.0,23.0,32.0,18.0,18.0,16.0,0.0,0.0,0.0,27.0
501396.0,District 3,Balintong Street,Residential,0.0,69.0,0.0,159.0,79.0,93.0,51.0,52.0,96.0,49.0,61.0,50.0,0.0
501399.0,District 3,Letada Street,Residential,0.0,7.0,0.0,20.0,10.0,15.0,6.0,7.0,15.0,5.0,8.0,5.0,0.0
501400.0,District 1,Lique Street,Commercial,0.0,23.0,20.0,38.0,19.0,30.0,11.0,6.0,6.0,5.0,3.0,5.0,0.0
501401.0,District 2,Don Juan Street,Residential,0.0,0.0,0.0,134.0,67.0,56.0,43.0,27.0,28.0,13.0,16.0,11.0,0.0
501402.0,District 2,Balcavem Street,Residential,5.0,3.0,4.0,8.0,4.0,6.0,4.0,3.0,5.0,3.0,6.0,0.0,5.0
501403.0,District 2,Fabmar Street,Residential,0.0,0.0,0.0,0.0,0.0,8.0,6.0,11.0,30.0,0.0,4.0,8.0,0.0
501404.0,District 2,Fabmar Street,Residential,158.0,57.0,119.0,289.0,145.0,76.0,63.0,0.0,222.0,61.0,78.0,71.0,158.0
501405.0,,Moyot Street,Residential,56.0,36.0,21.0,153.0,77.0,86.0,76.0,88.0,87.0,68.0,103.0,107.0,56.0
501406.0,District 1,Gutierrez Street,Residential,0.0,0.0,0.0,0.0,0.0,0.0,0.0,0.0,0.0,13.0,15.0,6.0,0.0
501407.0,District 2,Jones Street,Residential,9.0,9.0,20.0,40.0,20.0,21.0,18.0,21.0,28.0,19.0,18.0,22.0,9.0
501408.0,District 4,Flores Street,Residential,16.0,14.0,14.0,34.0,17.0,0.0,39.0,26.0,31.0,14.0,23.0,18.0,16.0
501409.0,District 2,Fabmar Street,Residential,29.0,13.0,28.0,72.0,36.0,29.0,19.0,0.0,0.0,0.0,0.0,0.0,29.0
501410.0,District 4,Flores Street,Residential,47.0,33.0,41.0,80.0,40.0,71.0,33.0,32.0,64.0,32.0,49.0,35.0,47.0
501411.0,District 2,Alicante Street,Residential,0.0,3.0,1.0,0.0,0.0,0.0,0.0,0.0,0.0,0.0,1.0,0.0,0.0
501412.0,,Moyot Street,Residential,0.0,0.0,0.0,0.0,0.0,0.0,0.0,0.0,0.0,24.0,49.0,37.0,0.0
501413.0,District 2,Fabmar Street,Residential,0.0,0.0,16.0,23.0,11.0,19.0,0.0,14.0,5.0,0.0,1.0,3.0,0.0
501414.0,,Moyot Street,Residential,25.0,8.0,0.0,26.0,13.0,13.0,6.0,9.0,12.0,11.0,12.0,9.0,25.0
501415.0,District 3,Altarejos Street,Residential,0.0,108.0,23.0,6.0,3.0,1.0,1.0,2.0,0.0,0.0,0.0,0.0,0.0
501416.0,,Bartolabac Street,Residential,0.0,49.0,0.0,0.0,0.0,0.0,0.0,0.0,39.0,27.0,37.0,28.0,0.0
501417.0,,Moyot Street,Residential,11.0,5.0,0.0,5.0,3.0,10.0,9.0,6.0,0.0,0.0,4.0,3.0,11.0
501418.0,District 3,Amican Street,Residential,0.0,45.0,12.0,53.0,27.0,39.0,28.0,0.0,50.0,16.0,15.0,11.0,0.0
501419.0,District 3,Altarejos Street,Residential,0.0,102.0,20.0,121.0,61.0,55.0,45.0,53.0,53.0,37.0,34.0,53.0,0.0
501420.0,District 2,Bailon Street,Commercial,1.0,14.0,0.0,59.0,29.0,19.0,1.0,0.0,1.0,0.0,1.0,0.0,1.0
501421.0,District 2,Bailon Street,Residential,19.0,9.0,0.0,40.0,20.0,13.0,4.0,0.0,13.0,11.0,2.0,0.0,19.0
501422.0,District 4,Bartolay Street,Residential,0.0,18.0,0.0,30.0,15.0,15.0,8.0,9.0,9.0,7.0,7.0,7.0,0.0
501423.0,District 3,Amican Street,Residential,0.0,17.0,9.0,18.0,9.0,10.0,9.0,7.0,7.0,4.0,6.0,4.0,0.0
501424.0,District 3,Amican Street,Residential,0.0,37.0,6.0,25.0,13.0,29.0,5.0,2.0,11.0,14.0,16.0,14.0,0.0
501425.0,District 3,Alicante Street,Residential,0.0,37.0,31.0,45.0,23.0,29.0,15.0,19.0,27.0,24.0,24.0,15.0,0.0
501426.0,,Moyot Street,Residential,0.0,37.0,0.0,0.0,0.0,0.0,0.0,73.0,32.0,15.0,18.0,17.0,0.0
501427.0,District 3,Amican Street,Residential,0.0,59.0,23.0,8.0,4.0,106.0,33.0,30.0,49.0,28.0,38.0,31.0,0.0
501428.0,District 4,Alicante Street,Residential,0.0,30.0,0.0,52.0,26.0,28.0,13.0,19.0,28.0,19.0,22.0,25.0,0.0
501429.0,District 1,Gutierrez Street,Residential,0.0,46.0,0.0,73.0,37.0,22.0,20.0,21.0,27.0,12.0,22.0,20.0,0.0
501430.0,District 2,Jones Street,Residential,0.0,0.0,0.0,15.0,7.0,10.0,11.0,9.0,15.0,10.0,13.0,12.0,0.0
501431.0,,Moyot Street,Residential,58.0,0.0,0.0,81.0,41.0,17.0,11.0,11.0,17.0,9.0,27.0,21.0,58.0
501432.0,District 2,Don Juan Street,Residential,0.0,0.0,0.0,0.0,0.0,0.0,0.0,22.5,72.0,32.0,40.0,36.0,0.0
501433.0,District 2,Jones Street,Residential,0.0,0.0,0.0,22.0,11.0,12.0,6.0,8.0,13.0,7.0,10.0,5.0,0.0
501434.0,District 2,Fabmar Street,Commercial,0.0,4.0,1.0,4.0,2.0,0.0,1.0,1.0,4.0,0.0,4.0,1.0,0.0
501435.0,,Moyot Street,Residential,36.0,28.0,0.0,98.0,49.0,38.0,20.0,27.0,19.0,25.0,51.0,30.0,36.0
501436.0,District 2,Fabmar Street,Residential,0.0,0.0,0.0,49.0,25.0,21.0,13.0,20.0,22.0,9.0,15.0,14.0,0.0
501437.0,District 2,Alicante Street,Commercial,0.0,50.0,35.0,102.0,51.0,53.0,40.0,44.0,69.0,0.0,0.0,0.0,0.0
501438.0,District 3,Amican Street,Residential,0.0,18.0,10.0,27.0,13.0,184.0,37.0,7.0,9.0,6.0,10.0,5.0,0.0
501439.0,District 2,Jones Street,Residential,15.0,11.0,21.0,35.0,17.0,29.0,19.0,20.0,36.0,17.0,22.0,32.0,15.0
501440.0,District 3,Amican Street,Residential,0.0,0.0,16.0,4.0,2.0,168.0,5.0,4.0,9.0,3.0,4.0,4.0,0.0
501441.0,District 2,Fabmar Street,Residential,43.0,24.0,34.0,63.0,31.0,9.0,6.0,27.0,51.0,22.0,39.0,34.0,43.0
501442.0,District 2,Jones Street,Residential,8.0,7.0,0.0,0.0,0.0,0.0,0.0,0.0,0.0,0.0,67.0,15.0,8.0
501443.0,District 2,Fabmar Street,Residential,0.0,0.0,0.0,0.0,0.0,0.0,0.0,0.0,0.0,0.0,0.0,0.0,0.0
501444.0,,Moyot Street,Residential,14.0,10.0,0.0,27.0,13.0,16.0,8.0,11.0,18.0,7.0,21.0,27.0,14.0
501445.0,District 2,Fabmar Street,Commercial,63.0,43.0,65.0,135.0,67.0,62.0,43.0,0.0,158.0,35.0,62.0,43.0,63.0
501446.0,District 3,Esparrago Street,Commercial,241.0,131.0,107.0,420.0,210.0,260.0,244.0,206.0,0.0,0.0,0.0,253.0,241.0
501447.0,District 3,Alicante Street,Residential,0.0,6.0,4.0,5.0,3.0,20.0,12.0,11.0,13.0,9.0,9.0,15.0,0.0
501448.0,District 3,Amican Street,Residential,0.0,10.0,3.0,12.0,6.0,10.0,1.0,13.0,13.0,9.0,13.0,9.0,0.0
501449.0,District 2,Jones Street,Residential,57.0,55.0,82.0,183.0,91.0,86.0,55.0,68.0,63.0,34.0,31.0,30.0,57.0
501450.0,District 3,Almonte Street,Industrial,0.0,426.0,0.0,833.0,417.0,367.0,439.0,223.0,497.0,0.0,0.0,0.0,0.0
501451.0,District 2,Balcavem Street,Residential,19.0,6.0,12.0,21.0,11.0,10.0,7.0,5.0,13.0,2.0,4.0,6.0,19.0
501452.0,District 2,Esparrago Street,Residential,24.0,12.0,15.0,35.0,17.0,22.0,22.0,16.0,24.0,10.0,19.0,14.0,24.0
501453.0,District 4,Alicante Street,Residential,0.0,5.0,0.0,13.0,7.0,7.0,3.0,5.0,7.0,3.0,4.0,5.0,0.0
501454.0,District 3,Bartolabac Street,Residential,0.0,66.0,31.0,74.0,37.0,47.0,49.0,45.0,63.0,55.0,74.0,73.0,0.0
501455.0,,Moyot Street,Residential,21.0,10.0,0.0,43.0,21.0,23.0,15.0,14.0,19.0,15.0,32.0,15.0,21.0
501456.0,District 3,Letada Street,Residential,0.0,18.0,0.0,44.0,22.0,22.0,12.0,18.0,21.0,17.0,26.0,26.0,0.0
501457.0,District 1,Bailon Street,Commercial,43.0,12.0,0.0,40.0,20.0,14.0,0.0,24.0,18.0,28.0,29.0,35.0,43.0
501458.0,District 3,Bartolabac Street,Residential,0.0,4.0,1.0,10.0,5.0,8.0,6.0,6.0,11.0,9.0,6.0,6.0,0.0
501459.0,District 1,Gutierrez Street,Residential,0.0,76.0,0.0,71.0,35.0,6.0,5.0,2.0,0.0,0.0,0.0,0.0,0.0
501460.0,,Bartolabac Street,Residential,0.0,0.0,19.0,7.0,3.0,2.0,15.0,14.0,0.0,0.0,0.0,0.0,0.0
501461.0,District 3,Letada Street,Commercial,0.0,115.0,0.0,197.0,99.0,118.0,44.0,60.0,74.0,68.0,79.0,74.0,0.0
501462.0,District 1,Bailon Street,Commercial,0.0,108.0,0.0,0.0,0.0,0.0,0.0,0.0,0.0,0.0,6.0,29.0,0.0
501464.0,District 3,Amican Street,Residential,0.0,38.0,31.0,37.0,19.0,48.0,24.0,7.0,35.0,19.0,27.0,17.0,0.0
501465.0,District 1,Bailon Street,Residential,0.0,12.0,0.0,0.0,0.0,0.0,0.0,0.0,0.0,5.0,6.0,8.0,0.0
501466.0,District 4,Bartolay Street,Residential,0.0,34.0,0.0,55.0,27.0,24.0,21.0,15.0,18.0,12.0,15.0,14.0,0.0
501467.0,District 3,Amican Street,Residential,0.0,27.0,13.0,21.0,11.0,13.0,12.0,8.0,11.0,4.0,1.0,4.0,0.0
501468.0,District 3,Amican Street,Residential,0.0,0.0,11.0,20.0,10.0,25.0,14.0,10.0,21.0,4.0,3.0,3.0,0.0
501469.0,District 3,Espinosa Street,Residential,36.0,29.0,0.0,0.0,0.0,0.0,0.0,18.0,33.0,20.0,55.0,41.0,36.0
501471.0,,Moyot Street,Residential,31.0,25.0,18.0,27.0,13.0,16.0,13.0,16.0,28.0,15.0,26.0,39.0,31.0
501472.0,District 1,Bailon Street,Commercial,48.0,18.0,0.0,32.0,16.0,9.0,14.0,11.0,18.0,19.0,12.0,0.0,48.0
501473.0,District 1,Bailon Street,Residential,0.0,0.0,0.0,0.0,0.0,0.0,0.0,0.0,0.0,0.0,0.0,0.0,0.0
501474.0,District 3,Altarejos Street,Residential,0.0,30.0,10.0,31.0,15.0,14.0,0.0,12.0,8.0,5.0,7.0,8.0,0.0
501475.0,District 2,Balcavem Street,Residential,9.0,3.0,0.0,16.0,8.0,10.0,81.0,5.0,8.0,5.0,7.0,3.0,9.0
501476.0,District 2,Jones Street,Residential,3.0,3.0,5.0,14.0,7.0,7.0,4.0,3.0,11.0,1.0,0.0,0.0,3.0
501477.0,District 4,Flores Street,Residential,16.0,16.0,18.0,15.0,7.0,305.0,0.0,0.0,0.0,0.0,78.0,60.0,16.0
501478.0,,Moyot Street,Residential,0.0,0.0,0.0,0.0,0.0,0.0,0.0,0.0,0.0,0.0,0.0,0.0,0.0
501479.0,,Moyot Street,Residential,99.0,30.0,0.0,130.0,65.0,0.0,68.0,38.0,52.0,32.0,52.0,44.0,99.0
501480.0,District 2,Esparrago Street,Residential,13.0,7.0,0.0,41.0,21.0,20.0,14.0,12.0,18.0,10.0,12.0,19.0,13.0
501481.0,District 2,Alicante Street,Residential,0.0,0.0,0.0,77.0,39.0,23.0,18.0,21.0,38.0,23.0,30.0,27.0,0.0
501482.0,District 3,Balintong Street,Residential,0.0,0.0,0.0,0.0,0.0,0.0,0.0,0.0,27.0,15.0,11.0,18.0,0.0
501483.0,,Moyot Street,Residential,24.0,13.0,0.0,48.0,24.0,20.0,13.0,30.0,25.0,13.0,27.0,16.0,24.0
501484.0,District 2,Jones Street,Residential,16.0,12.0,20.0,28.0,14.0,18.0,16.0,2.0,16.0,16.0,20.0,22.0,16.0
501486.0,District 2,Don Juan Street,Residential,0.0,24.0,0.0,0.0,0.0,0.0,0.0,0.0,24.0,14.0,18.0,17.0,0.0
501487.0,District 3,Altarejos Street,Residential,0.0,201.0,109.0,71.0,35.0,72.0,36.0,72.0,130.0,77.0,45.0,76.0,0.0
501488.0,District 2,Balcavem Street,Residential,16.0,8.0,12.0,30.0,15.0,22.0,18.0,15.0,20.0,11.0,14.0,14.0,16.0
501489.0,District 1,Lique Street,Residential,0.0,22.0,7.0,32.0,16.0,16.0,14.0,0.0,1.0,1.0,1.0,2.0,0.0
501490.0,District 2,Jones Street,Residential,15.0,15.0,24.0,51.0,25.0,38.0,14.0,25.0,29.0,19.0,15.0,19.0,15.0
501491.0,District 2,Don Juan Street,Residential,0.0,0.0,0.0,0.0,0.0,0.0,0.0,0.0,0.0,0.0,0.0,21.0,0.0
501492.0,District 2,Balcavem Street,Residential,21.0,10.0,15.0,8.0,4.0,7.0,0.0,1.0,2.0,0.0,0.0,0.0,21.0
501494.0,District 3,Altarejos Street,Industrial,0.0,20.0,6.0,54.0,27.0,26.0,8.0,21.0,35.0,21.0,0.0,25.0,0.0
501495.0,District 2,Fabmar Street,Residential,0.0,0.0,0.0,71.0,35.0,27.0,21.0,26.0,55.0,22.0,34.0,36.0,0.0
501496.0,District 2,Jones Street,Residential,6.0,10.0,13.0,28.0,14.0,18.0,11.0,15.0,22.0,13.0,25.0,21.0,6.0
501497.0,District 3,Lique Street,Residential,0.0,24.0,18.0,28.0,14.0,21.0,17.0,11.0,17.0,13.0,11.0,15.0,0.0
501498.0,District 2,Fabmar Street,Residential,28.0,14.0,18.0,57.0,29.0,19.0,13.0,20.0,23.0,8.0,16.0,21.0,28.0
501499.0,District 2,Jones Street,Residential,9.0,10.0,14.0,27.0,13.0,20.0,11.0,16.0,20.0,12.0,15.0,11.0,9.0
501500.0,,Gutierrez Street,Commercial,0.0,7.0,0.0,6.0,3.0,2.0,3.0,2.0,3.0,2.0,3.0,2.0,0.0
501501.0,District 2,Jones Street,Residential,11.0,8.0,13.0,35.0,17.0,13.0,7.0,7.0,16.0,9.0,12.0,11.0,11.0
501502.0,District 2,Jones Street,Residential,54.0,44.0,74.0,142.0,71.0,72.0,49.0,0.0,0.0,188.0,52.0,66.0,54.0
501503.0,District 2,Esparrago Street,Residential,4.0,10.0,17.0,29.0,15.0,24.0,25.0,25.0,31.0,0.0,26.0,17.0,4.0
501504.0,District 4,Lique Street,Residential,0.0,38.0,25.0,43.0,21.0,12.0,7.0,11.0,15.0,11.0,11.0,15.0,0.0
501505.0,,,,79.0,28.0,34.0,74.0,37.0,60.0,28.0,36.0,15.0,49.0,41.0,39.0,79.0
501507.0,District 2,Bailon Street,Residential,0.0,15.0,0.0,54.0,27.0,37.0,23.0,45.0,29.0,30.0,18.0,28.0,0.0
501509.0,District 1,Bailon Street,Commercial,0.0,0.0,0.0,0.0,0.0,16.0,38.0,0.0,0.0,0.0,0.0,0.0,0.0
501510.0,District 1,Bailon Street,Commercial,0.0,0.0,0.0,30.0,15.0,0.0,0.0,0.0,8.0,13.0,9.0,18.0,0.0
501511.0,District 1,Bailon Street,Residential,0.0,0.0,0.0,2.0,1.0,0.0,0.0,0.0,0.0,0.0,0.0,0.0,0.0
501512.0,District 3,Amican Street,Commercial,0.0,61.0,27.0,30.0,15.0,22.0,10.0,9.0,11.0,7.0,17.0,18.0,0.0
501513.0,,Moyot Street,Residential,0.0,0.0,0.0,0.0,0.0,18.0,17.0,14.0,7.0,2.0,11.0,42.0,0.0
501514.0,District 2,Jones Street,Residential,18.0,17.0,27.0,30.0,15.0,24.0,15.0,21.0,30.0,16.0,23.0,22.0,18.0
501515.0,District 1,Gutierrez Street,Commercial,0.0,137.0,0.0,289.0,145.0,153.0,84.0,81.0,104.0,62.0,106.0,104.0,0.0
501516.0,District 2,Balcavem Street,Residential,18.0,8.0,0.0,28.0,14.0,19.0,11.0,11.0,11.0,4.0,13.0,14.0,18.0
501517.0,,Bartolabac Street,Residential,0.0,93.0,44.0,111.0,55.0,45.0,44.0,148.0,0.0,0.0,0.0,0.0,0.0
501518.0,District 3,Alicante Street,Commercial,0.0,43.0,30.0,4.0,2.0,16.0,2.0,1.0,0.0,1.0,9.0,5.0,0.0
501519.0,,Bartolabac Street,Residential,0.0,41.0,15.0,32.0,16.0,24.0,16.0,16.0,23.0,13.0,18.0,16.0,0.0
501520.0,District 2,Balcavem Street,Residential,17.0,6.0,0.0,0.0,0.0,45.0,1.0,0.0,0.0,7.0,2.0,2.0,17.0
501521.0,District 3,Letada Street,Residential,0.0,15.0,0.0,27.0,13.0,0.0,0.0,17.0,4.0,9.0,12.0,11.0,0.0
501522.0,District 2,Alicante Street,Residential,0.0,10.0,6.0,16.0,8.0,9.0,9.0,9.0,10.0,6.0,7.0,6.0,0.0
501523.0,District 4,Villamor Street,Residential,0.0,37.0,0.0,92.0,46.0,34.0,19.0,33.0,41.0,25.0,30.0,23.0,0.0
501524.0,District 2,Don Juan Street,Residential,0.0,0.0,0.0,0.0,0.0,0.0,0.0,0.0,0.0,6.0,11.0,9.0,0.0
501525.0,District 2,Fabmar Street,Residential,0.0,0.0,0.0,0.0,0.0,0.0,0.0,0.0,0.0,14.0,28.0,28.0,0.0
501526.0,District 1,Bailon Street,Commercial,0.0,46.0,0.0,11.0,5.0,1.0,6.0,16.0,3.0,20.0,14.0,3.0,0.0
501527.0,District 2,Jones Street,Residential,85.0,58.0,91.0,147.0,73.0,84.0,51.0,74.0,127.0,70.0,94.0,98.0,85.0
501528.0,District 3,Amican Street,Residential,0.0,1.0,0.0,0.0,0.0,0.0,0.0,0.0,0.0,0.0,0.0,0.0,0.0
501529.0,District 3,Almonte Street,Residential,0.0,40.0,0.0,185.0,93.0,38.0,32.0,10.0,22.0,10.0,25.0,6.0,0.0
501530.0,District 3,Letada Street,Residential,0.0,37.0,0.0,54.0,27.0,25.0,9.0,13.0,20.0,16.0,20.0,18.0,0.0
501531.0,District 2,Balcavem Street,Residential,34.0,16.0,32.0,52.0,26.0,20.0,28.0,32.0,43.0,5.0,19.0,38.0,34.0
501532.0,District 4,Lique Street,Residential,0.0,5.0,8.0,15.0,7.0,11.0,8.0,7.0,9.0,6.0,7.0,6.0,0.0
501533.0,District 3,Flores Street,Residential,45.0,46.0,50.0,36.0,18.0,32.0,13.0,18.0,76.0,13.0,20.0,12.0,45.0
501534.0,District 3,Altarejos Street,Residential,0.0,8.0,5.0,2.0,1.0,2.0,1.0,2.0,1.0,1.0,0.0,1.0,0.0
501535.0,District 2,Don Juan Street,Residential,0.0,59.0,0.0,89.0,45.0,32.0,31.0,24.0,41.0,20.0,25.0,22.0,0.0
501536.0,District 2,Don Juan Street,Residential,,,,,,,11.0,11.0,23.0,13.0,15.0,7.0,
501537.0,District 3,Bartolabac Street,Residential,0.0,17.0,8.0,11.0,5.0,7.0,6.0,6.0,11.0,8.0,12.0,5.0,0.0
501538.0,District 2,Fabmar Street,Residential,,,,,,,,,,,,,
501539.0,District 2,Bailon Street,Residential,23.0,15.0,0.0,60.0,30.0,23.0,18.0,24.0,18.0,24.0,19.0,21.0,23.0
501540.0,District 3,Letada Street,Residential,0.0,7.0,0.0,18.0,9.0,9.0,7.0,6.0,8.0,15.0,25.0,7.0,0.0
501541.0,District 2,Jones Street,Residential,35.0,32.0,40.0,65.0,33.0,31.0,19.0,23.0,31.0,17.0,20.0,18.0,35.0
501542.0,District 1,Alicante Street,Residential,0.0,41.0,19.0,43.0,21.0,35.0,20.0,32.0,50.0,29.0,29.0,25.0,0.0
501543.0,,Gutierrez Street,Residential,0.0,40.0,0.0,5.0,3.0,2.0,1.0,3.0,2.0,1.0,0.0,0.0,0.0
501544.0,District 2,Jones Street,Residential,4.0,2.0,6.0,5.0,3.0,3.0,2.0,2.0,3.0,2.0,2.0,2.0,4.0
501545.0,District 4,Bartolay Street,Residential,0.0,27.0,0.0,33.0,17.0,13.0,10.0,12.0,24.0,19.0,22.0,13.0,0.0
501546.0,District 2,Jones Street,Residential,28.0,4.0,25.0,51.0,25.0,20.0,13.0,32.0,45.0,20.0,15.0,17.0,28.0
501547.0,District 2,Jones Street,Residential,17.0,11.0,16.0,31.0,15.0,23.0,13.0,15.0,26.0,13.0,28.0,26.0,17.0
501548.0,District 2,Jones Street,Residential,16.0,9.0,23.0,45.0,23.0,28.0,19.0,23.0,29.0,15.0,21.0,19.0,16.0
501549.0,District 3,Alicante Street,Residential,0.0,9.0,11.0,29.0,15.0,18.0,10.0,11.0,12.0,8.0,6.0,10.0,0.0
501550.0,,Moyot Street,Residential,22.0,18.0,15.0,30.0,15.0,14.0,16.0,14.0,2.0,5.0,15.0,0.0,22.0
501551.0,,Moyot Street,Residential,32.0,24.0,0.0,62.0,31.0,51.0,20.0,27.0,29.0,18.0,26.0,29.0,32.0
501552.0,District 2,Esparrago Street,Residential,15.0,4.0,5.0,13.0,7.0,11.0,7.0,10.0,6.0,4.0,4.0,5.0,15.0
501553.0,District 3,Amican Street,Residential,0.0,7.0,2.0,13.0,7.0,8.0,5.0,3.0,4.0,6.0,7.0,7.0,0.0
501554.0,District 2,Don Juan Street,Residential,0.0,21.0,0.0,31.0,15.0,8.0,4.0,5.0,8.0,4.0,8.0,4.0,0.0
501555.0,District 2,Fabmar Street,Residential,20.0,7.0,5.0,10.0,5.0,2.0,1.0,1.0,1.0,1.0,0.0,1.0,20.0
501556.0,District 2,Don Juan Street,Residential,0.0,13.0,0.0,17.0,9.0,6.0,4.0,4.0,9.0,3.0,6.0,6.0,0.0
501557.0,District 3,Amican Street,Residential,0.0,18.0,6.0,16.0,8.0,14.0,22.0,10.0,30.0,12.0,13.0,9.0,0.0
501558.0,District 2,Alicante Street,Commercial,0.0,0.0,0.0,0.0,0.0,0.0,0.0,0.0,0.0,0.0,1.0,0.0,0.0
501559.0,District 3,Amican Street,Residential,0.0,39.0,15.0,27.0,13.0,19.0,15.0,11.0,17.0,14.0,18.0,14.0,0.0
501560.0,District 3,Amican Street,Residential,0.0,20.0,10.0,35.0,17.0,24.0,16.0,14.0,17.0,8.0,13.0,11.0,0.0
501561.0,District 2,Jones Street,Residential,14.0,27.0,38.0,102.0,51.0,53.0,31.0,50.0,94.0,47.0,62.0,56.0,14.0
501562.0,District 3,Amican Street,Residential,0.0,30.0,12.0,51.0,25.0,16.0,9.0,1.0,5.0,2.0,5.0,6.0,0.0
501563.0,District 4,Grafilo Street,Residential,0.0,9.0,0.0,10.0,5.0,6.0,5.0,0.0,0.0,0.0,0.0,0.0,0.0
501564.0,District 2,Fabmar Street,Residential,17.0,11.0,14.0,43.0,21.0,18.0,0.0,33.0,30.0,12.0,24.0,26.0,17.0
501565.0,District 2,Fabmar Street,Residential,9.0,4.0,6.0,19.0,9.0,6.0,6.0,8.0,11.0,6.0,20.0,19.0,9.0
501566.0,District 4,Lique Street,Residential,0.0,,,38.0,19.0,29.0,19.0,16.0,21.0,13.0,13.0,15.0,0.0
501567.0,District 2,Jones Street,Residential,37.0,29.0,46.0,84.0,42.0,51.0,29.0,38.0,55.0,31.0,40.0,37.0,37.0
501568.0,District 3,Amican Street,Residential,0.0,33.0,17.0,36.0,18.0,25.0,19.0,17.0,28.0,14.0,19.0,13.0,0.0
501569.0,Burgos,Talaba,Residential,31.0,17.0,22.0,21.0,11.0,12.0,5.0,13.0,45.0,12.0,19.0,17.0,31.0
501570.0,District 2,Fabmar Street,Residential,11.0,7.0,10.0,24.0,12.0,10.0,7.0,13.0,16.0,5.0,9.0,11.0,11.0
501571.0,District 3,Amican Street,Commercial,0.0,4.0,20.0,51.0,25.0,27.0,13.0,1.0,8.0,10.0,13.0,9.0,0.0
501572.0,District 2,Fabmar Street,Residential,7.0,14.0,20.0,53.0,27.0,13.0,5.0,22.0,31.0,7.0,36.0,17.0,7.0
501573.0,District 2,Fabmar Street,Residential,13.0,8.0,13.0,32.0,16.0,113.0,5.0,9.0,10.0,5.0,6.0,11.0,13.0
501574.0,District 2,Fabmar Street,Residential,67.0,10.0,14.0,32.0,16.0,15.0,0.0,0.0,45.0,5.0,12.0,15.0,67.0
501575.0,District 2,Fabmar Street,Residential,16.0,8.0,9.0,56.0,28.0,24.0,13.0,21.0,27.0,10.0,17.0,15.0,16.0
501576.0,District 2,Fabmar Street,Residential,11.0,2.0,3.0,20.0,10.0,5.0,4.0,5.0,24.0,2.0,4.0,11.0,11.0
501577.0,District 2,Fabmar Street,Residential,19.0,8.0,11.0,77.0,39.0,29.0,10.0,12.0,22.0,15.0,56.0,26.0,19.0
501578.0,District 3,Amican Street,Residential,0.0,39.0,17.0,46.0,23.0,30.0,20.0,17.0,33.0,70.0,0.0,17.0,0.0
501579.0,District 2,Fabmar Street,Residential,21.0,15.0,46.0,147.0,73.0,61.0,45.0,46.0,69.0,20.0,9.0,10.0,21.0
501580.0,District 2,Bailon Street,Residential,14.0,7.0,0.0,24.5,12.5,11.0,6.0,7.5,10.5,7.0,4.5,8.5,14.0
501581.0,District 3,Amican Street,Residential,0.0,48.0,20.0,62.0,31.0,27.0,25.0,16.0,32.0,23.0,10.0,20.0,0.0
501582.0,District 2,Jones Street,Residential,7.0,5.0,7.0,0.0,0.0,30.0,4.0,5.0,7.0,3.0,5.0,5.0,7.0
501583.0,District 3,Espinosa Street,Commercial,,48.0,0.0,8.0,4.0,0.0,0.0,0.0,0.0,0.0,0.0,0.0,
501584.0,District 3,Flores Street,Residential,5.0,4.0,5.0,14.0,7.0,11.0,5.0,7.0,11.0,5.0,7.0,6.0,5.0
501585.0,District 2,Fabmar Street,Residential,46.0,27.0,37.0,115.0,57.0,44.0,30.0,44.0,60.0,24.0,36.0,34.0,46.0
501586.0,District 2,Jones Street,Residential,11.0,10.0,15.0,31.0,15.0,18.0,10.0,11.0,15.0,7.0,9.0,8.0,11.0
501587.0,District 2,Fabmar Street,Residential,42.0,19.0,28.0,75.0,37.0,47.0,21.0,26.0,38.0,13.0,23.0,25.0,42.0
501588.0,District 2,Fabmar Street,Commercial,45.0,21.0,39.0,109.0,55.0,36.0,32.0,61.0,59.0,17.0,44.0,26.0,45.0
501589.0,District 2,Don Juan Street,Residential,,,,18.0,9.0,7.0,7.0,6.0,8.0,5.0,6.0,5.0,
501590.0,District 2,Fabmar Street,Residential,76.0,42.0,75.0,208.0,104.0,62.0,0.0,107.0,57.0,27.0,25.0,36.0,76.0
501591.0,,Moyot Street,Residential,6.0,4.0,3.0,14.0,7.0,16.0,9.0,7.0,11.0,9.0,6.0,5.0,6.0
501592.0,District 2,Fabmar Street,Residential,49.0,24.0,34.0,88.0,44.0,33.0,29.0,29.0,34.0,10.0,19.0,20.0,49.0
501593.0,,Moyot Street,Residential,6.0,0.0,0.0,14.0,7.0,6.0,0.0,3.0,0.0,0.0,0.0,0.0,6.0
501594.0,,Moyot Street,Residential,32.0,8.0,0.0,32.0,16.0,20.0,10.0,33.0,21.0,10.0,20.0,16.0,32.0
501595.0,District 2,Fabmar Street,Residential,35.0,1.0,0.0,0.0,0.0,0.0,0.0,0.0,0.0,0.0,0.0,3.0,35.0
501596.0,District 2,Don Juan Street,Residential,,,,29.0,15.0,12.0,11.0,10.0,14.0,6.0,9.0,8.0,
501597.0,District 2,Fabmar Street,Residential,30.0,19.0,28.0,84.0,42.0,37.0,21.0,43.0,62.0,12.0,0.0,1.0,30.0
501598.0,,Moyot Street,Commercial,48.0,25.0,0.0,69.0,35.0,74.0,11.0,15.0,20.0,18.0,15.0,12.0,48.0
501599.0,,Moyot Street,Residential,43.0,34.0,0.0,112.0,56.0,61.0,35.0,31.0,54.0,23.0,42.0,28.0,43.0
501600.0,District 2,Fabmar Street,Residential,19.0,10.0,13.0,34.0,17.0,24.0,34.0,34.0,32.0,11.0,18.0,22.0,19.0
501601.0,District 2,Fabmar Street,Residential,30.0,21.0,21.0,60.0,30.0,27.0,22.0,51.0,69.0,13.0,23.0,15.0,30.0
501602.0,,Moyot Street,Residential,48.0,38.0,0.0,133.0,67.0,56.0,49.0,0.0,84.0,22.0,56.0,65.0,48.0
501603.0,,Moyot Street,Residential,55.0,38.0,0.0,138.0,69.0,66.0,43.0,48.0,64.0,38.0,68.0,56.0,55.0
501604.0,,Moyot Street,Residential,11.0,7.0,0.0,23.0,11.0,12.0,6.0,8.0,11.0,4.0,10.0,3.0,11.0
501605.0,,Moyot Street,Residential,7.0,2.0,0.0,3.0,1.0,4.0,0.0,0.0,3.0,8.0,10.0,5.0,7.0
501606.0,,Moyot Street,Residential,0.0,8.0,0.0,16.0,8.0,3.0,7.0,5.0,6.0,12.0,8.0,0.0,0.0
501607.0,,Moyot Street,Residential,29.0,34.0,0.0,60.0,30.0,35.0,35.0,18.0,26.0,12.0,34.0,20.0,29.0
501608.0,District 2,Fabmar Street,Residential,85.0,25.0,58.0,72.0,36.0,29.0,25.0,31.0,0.0,16.0,15.0,16.0,85.0
501609.0,,Moyot Street,Residential,33.0,25.0,0.0,78.0,39.0,79.0,25.0,23.0,30.0,20.0,32.0,24.0,33.0
501610.0,,Moyot Street,Residential,30.0,0.0,0.0,83.0,41.0,36.0,19.0,24.0,29.0,15.0,34.0,29.0,30.0
501611.0,,Moyot Street,Residential,18.0,12.0,0.0,45.0,23.0,25.0,17.0,15.0,30.0,9.0,23.0,18.0,18.0
501612.0,,Moyot Street,Residential,20.0,12.0,0.0,30.0,15.0,12.0,8.0,11.0,13.0,7.0,8.0,8.0,20.0
501613.0,District 2,Alicante Street,Residential,0.0,37.0,26.0,61.0,31.0,39.0,25.0,28.0,34.0,17.0,28.0,28.0,0.0
501614.0,District 2,Fabmar Street,Residential,5.0,18.0,26.0,125.0,63.0,56.0,27.0,31.0,36.0,10.0,23.0,39.0,5.0
501615.0,District 2,Fabmar Street,Residential,0.0,0.0,0.0,0.0,0.0,0.0,0.0,0.0,0.0,0.0,0.0,0.0,0.0
501616.0,District 2,Fabmar Street,Residential,,,,6.0,3.0,1.0,3.0,3.0,4.0,3.0,2.0,2.0,
501617.0,District 2,Balcavem Street,Residential,6.0,4.0,4.0,10.0,5.0,8.0,5.0,5.0,6.0,2.0,4.0,3.0,6.0
501618.0,District 2,Fabmar Street,Residential,7.0,6.0,7.0,15.0,7.0,5.0,0.0,10.0,10.0,2.0,7.0,6.0,7.0
501619.0,District 2,Fabmar Street,Residential,12.0,10.0,9.0,39.0,19.0,34.0,24.0,18.0,20.0,13.0,9.0,9.0,12.0
501620.0,District 2,Alicante Street,Residential,0.0,14.0,21.0,0.0,0.0,0.0,59.0,12.0,23.0,22.0,41.0,36.0,0.0
501621.0,District 3,Lique Street,Residential,0.0,20.0,12.0,33.0,17.0,19.0,20.0,20.0,29.0,18.0,17.0,22.0,0.0
501622.0,,Moyot Street,Residential,16.0,11.0,0.0,33.0,17.0,19.0,11.0,11.0,14.0,6.0,12.0,14.0,16.0
501623.0,District 2,Jones Street,Residential,20.0,14.0,20.0,43.0,21.0,26.0,14.0,21.0,27.0,12.0,18.0,28.0,20.0
501624.0,District 3,Flores Street,Commercial,,,,0.0,0.0,0.0,,,0.0,0.0,0.0,0.0,
501625.0,District 2,Balcavem Street,Residential,15.0,9.0,11.0,18.0,9.0,13.0,9.0,9.0,17.0,9.0,20.0,8.0,15.0
501626.0,District 2,Fabmar Street,Residential,30.0,19.0,23.0,39.0,19.0,2.0,1.0,0.0,3.0,1.0,1.0,1.0,30.0
501627.0,,Moyot Street,Residential,,28.0,0.0,107.0,53.0,61.0,42.0,53.0,62.0,33.0,76.0,61.0,
501628.0,,Moyot Street,Residential,23.0,27.0,0.0,69.0,35.0,32.0,24.0,15.0,28.0,12.0,29.0,23.0,23.0
501629.0,District 3,Amican Street,Residential,0.0,34.0,15.0,35.0,17.0,29.0,31.0,39.0,21.0,16.0,18.0,11.0,0.0
501630.0,District 2,Jones Street,Residential,17.0,7.0,19.0,24.0,12.0,16.0,15.0,5.0,25.0,1.0,2.0,8.0,17.0
501631.0,,Moyot Street,Residential,,,,6.0,3.0,4.0,6.0,12.0,20.0,7.0,8.0,12.0,
501632.0,District 3,Amican Street,Residential,0.0,16.0,6.0,18.0,9.0,12.0,9.0,3.0,9.0,4.0,7.0,3.0,0.0
501633.0,District 3,Letada Street,Residential,,0.0,,0.0,0.0,0.0,0.0,0.0,0.0,0.0,0.0,0.0,
501634.0,District 4,Villamor Street,Residential,,142.0,0.0,218.0,109.0,70.0,50.0,38.0,53.0,37.0,50.0,56.0,
501635.0,District 2,Fabmar Street,Commercial,8.0,4.0,5.0,29.0,15.0,23.0,13.0,6.0,56.0,22.0,6.0,24.0,8.0
501636.0,District 2,Fabmar Street,Residential,1.0,1.0,2.0,8.0,4.0,3.0,0.0,2.0,5.0,1.0,3.0,3.0,1.0
501637.0,,Gutierrez Street,Residential,39.0,,,0.0,0.0,0.0,0.0,1.0,4.0,0.0,2.0,1.0,39.0
501638.0,District 1,Bailon Street,Residential,0.0,1.0,0.0,12.0,6.0,0.0,0.0,2.0,3.0,0.0,0.0,49.0,0.0
501639.0,District 2,Balcavem Street,Residential,17.0,8.0,0.0,33.0,17.0,13.0,8.0,8.0,17.0,10.0,12.0,11.0,17.0
501640.0,District 3,Amican Street,Residential,0.0,35.0,9.0,47.0,23.0,35.0,14.0,11.0,21.0,10.0,11.0,12.0,0.0
501641.0,District 3,Amican Street,Residential,,,,,,,11.0,11.0,14.0,9.0,13.0,8.0,
501642.0,District 3,Amican Street,Residential,0.0,40.0,20.0,47.0,23.0,32.0,34.0,13.0,37.0,19.0,31.0,18.0,0.0
501643.0,District 2,Fabmar Street,Residential,169.0,0.0,0.0,60.0,30.0,96.0,49.0,105.0,184.0,78.0,133.0,120.0,169.0
501644.0,District 3,Lique Street,Residential,,,,,,,,,,,,,
501645.0,District 3,Altarejos Street,Residential,,,16.0,32.0,16.0,18.0,25.0,39.0,49.0,34.0,41.0,52.0,
501646.0,District 2,Jones Street,Residential,,,0.0,19.0,9.0,17.0,0.0,23.0,15.0,8.0,12.0,11.0,
501647.0,District 2,Jones Street,Residential,,,0.0,47.0,23.0,32.0,20.0,24.0,33.0,20.0,34.0,17.0,
501648.0,District 2,Fabmar Street,Residential,,,0.0,23.0,11.0,10.0,7.0,10.0,42.0,7.0,9.0,11.0,
501649.0,District 2,Fabmar Street,Residential,,,0.0,0.0,67.0,94.0,0.0,73.0,34.0,17.0,41.0,0.0,
501650.0,District 2,Don Juan Street,Residential,,,0.0,0.0,0.0,0.0,6.0,61.0,33.0,15.0,26.0,20.0,
501651.0,District 2,Jones Street,Residential,,,0.0,0.0,0.0,35.0,20.0,28.0,36.0,24.0,35.0,32.0,
501652.0,District 2,Fabmar Street,Residential,,,0.0,0.0,0.0,13.0,9.0,14.0,17.0,6.0,11.0,8.0,
501653.0,District 2,Fabmar Street,Residential,,,0.0,0.0,0.0,15.0,13.0,19.0,24.0,8.0,14.0,12.0,
501654.0,District 1,Bailon Street,Residential,,,0.0,0.0,0.0,16.0,15.0,15.0,16.0,19.0,16.0,14.0,
501655.0,District 2,Fabmar Street,Residential,,,0.0,21.5,10.5,11.5,12.0,18.0,0.0,35.0,19.0,15.0,
501656.0,District 2,Moyot Street,Residential,,0.0,0.0,53.0,27.0,24.0,22.0,18.0,29.0,11.0,23.0,20.0,
501657.0,District 2,Fabmar Street,Residential,,,0.0,0.0,0.0,62.0,45.0,134.0,0.0,58.0,104.0,0.0,
501658.0,District 2,Jones Street,Residential,,,0.0,17.0,9.0,11.0,6.0,7.0,11.0,7.0,8.0,7.0,
501659.0,District 4,Grafilo Street,Residential,,,,,,8.0,6.0,0.0,9.0,4.0,5.0,4.0,
501660.0,District 2,Fabmar Street,Residential,,,0.0,8.0,4.0,8.0,6.0,0.0,0.0,38.0,11.0,14.0,
501661.0,District 3,Altarejos Street,Residential,,,,0.0,0.0,0.0,,3.0,0.0,0.0,4.0,2.0,
501662.0,District 4,Villamor Street,Residential,,,0.0,0.0,17.0,15.0,10.0,13.0,14.0,8.0,11.0,11.0,
501664.0,District 2,Jones Street,Residential,,,0.0,25.0,13.0,10.0,8.0,13.0,13.0,11.0,11.0,11.0,
501665.0,District 2,Fabmar Street,Residential,,,0.0,110.0,55.0,28.0,18.0,25.0,38.0,32.0,41.0,31.0,
501666.0,District 2,Fabmar Street,Residential,,,0.0,0.0,0.0,38.0,28.0,38.0,38.0,10.0,13.0,23.0,
501667.0,District 2,Jones Street,Residential,,,4.0,7.0,3.5,3.5,5.5,15.0,13.0,12.0,11.0,9.0,
501668.0,,Moyot Street,Residential,,0.0,0.0,0.0,27.0,83.0,31.0,41.0,52.0,28.0,59.0,34.0,
501669.0,District 2,Esparrago Street,Residential,,,0.0,21.0,11.0,15.0,10.0,12.0,21.0,10.0,15.0,13.0,
501670.0,District 2,Fabmar Street,Residential,,,0.0,0.0,0.0,6.0,15.0,1.0,23.0,11.0,16.0,12.0,
501671.0,District 2,Fabmar Street,Residential,,,0.0,0.0,0.0,15.0,11.0,12.0,10.0,6.0,8.0,5.0,
501672.0,District 2,Jones Street,Residential,,,0.0,22.0,11.0,17.0,14.0,13.0,17.0,8.0,14.0,13.0,
501673.0,District 3,Bartolay Street,Residential,,,0.0,0.0,0.0,9.0,8.0,7.0,9.0,6.0,8.0,8.0,
501674.0,District 2,Esparrago Street,Residential,,,0.0,12.0,6.0,7.0,8.0,5.0,7.0,4.0,4.0,6.0,
501675.0,District 1,Bailon Street,Residential,,,0.0,0.0,0.0,0.0,,,,,,,
501676.0,District 2,Alicante Street,Residential,,,0.0,25.0,13.0,24.0,13.0,16.0,24.0,12.0,15.0,18.0,
501677.0,District 2,Jones Street,Commercial,,,0.0,0.0,0.0,0.0,20.0,32.0,43.0,23.0,31.0,27.0,
501678.0,,Moyot Street,Residential,,0.0,0.0,11.0,5.0,1.0,0.0,1.0,0.0,1.0,2.0,3.0,
501679.0,District 4,Barsaga Street,Residential,,,0.0,0.0,0.0,24.0,22.0,29.0,0.0,43.0,25.0,18.0,
501680.0,District 3,Balintong Street,Commercial,,,0.0,0.0,0.0,54.0,29.0,35.0,74.0,45.0,64.0,60.0,
501681.0,District 2,Fabmar Street,Residential,,,0.0,65.0,33.0,28.0,18.0,27.0,28.0,11.0,22.0,21.0,
501682.0,,Bartolabac Street,Commercial,,,0.0,29.0,15.0,23.0,17.0,18.0,14.0,26.0,56.0,10.0,
501683.0,District 2,Jones Street,Residential,,,0.0,7.0,3.0,8.0,5.0,6.0,9.0,4.0,7.0,7.0,
501684.0,District 2,Esparrago Street,Residential,,,0.0,25.0,13.0,17.0,14.0,16.0,25.0,15.0,22.0,24.0,
501685.0,District 4,Bartolay Street,Residential,,,0.0,0.0,0.0,19.0,17.0,16.0,15.0,10.0,11.0,11.0,
501686.0,District 2,Balcavem Street,Residential,,,0.0,7.0,3.0,4.0,4.0,4.0,7.0,6.0,6.0,5.0,
501687.0,District 4,Esparrago Street,Residential,,,0.0,18.5,9.5,13.0,10.0,10.5,21.0,26.0,7.0,13.0,
501688.0,District 2,Fabmar Street,Residential,,,0.0,6.0,3.0,10.0,7.0,11.0,15.0,4.0,7.0,7.0,
501689.0,District 2,Bailon Street,Residential,,,0.0,0.0,0.0,0.0,17.0,19.0,74.0,19.0,12.0,20.0,
501690.0,District 2,Alicante Street,Residential,,,0.0,42.0,21.0,29.0,17.0,13.0,20.0,17.0,23.0,13.0,
501691.0,District 2,Esparrago Street,Residential,,,0.0,52.0,26.0,31.0,28.0,32.0,47.0,19.0,39.0,76.0,
501692.0,District 3,Bartolay Street,Residential,,,,0.0,0.0,0.0,18.0,14.0,16.0,11.0,8.0,7.0,
501693.0,District 4,Lique Street,Residential,,,0.0,0.0,0.0,1.0,1.0,0.0,1.0,0.0,0.0,0.0,
501694.0,Burgos,Upper Bliss,Residential,,,,0.0,0.0,0.0,0.0,0.0,0.0,0.0,0.0,0.0,
501695.0,District 4,Bartolay Street,Residential,,,,0.0,0.0,0.0,0.0,0.0,6.0,5.0,5.0,4.0,
501696.0,Burgos,Binaliw,Industrial,,,,,,,,,,,,,
501697.0,District 3,Letada Street,Residential,,,,,,,,4.0,4.0,2.0,5.0,3.0,
501698.0,District 2,Balcavem Street,Residential,,,,,,,,,0.0,4.0,8.0,9.0,
501699.0,District 2,Fabmar Street,Residential,,,,,,,,,,,,,
501700.0,,NHA Duplex,Residential,,,,,,,,,112.0,81.0,75.0,85.0,
501701.0,District 2,Fabmar Street,Residential,,,,,,,,,,,5.0,3.0,
501702.0,District 2,Fabmar Street,Residential,,,,,,,,,,,,,
501703.0,District 3,Alicante Street,Residential,,,,,,,,,,,,,
501704.0,District 4,Alicante Street,Residential,,,,,,,,,,,,,
501705.0,District 4,Lique Street,Residential,,,,,,,,,,,,,
501706.0,District 2,Balcavem Street,Residential,,,,,,,,,,,,,
501707.0,,Bartolabac Street,Residential,,,,,,,,,,,,,
501708.0,,Bartolabac Street,Residential,,,,,,,,,,,,,
501709.0,District 3,Flores Street,Residential,,,,,,,,,,,,,
501710.0,District 4,Bartolay Street,Residential,,,,,,,,,,,,,
501711.0,District 4,Flores Street,Residential,,,,,,,,,,,,,
501712.0,District 2,Fabmar Street,Residential,,,,,,,,,,,,,
501713.0,District 2,Fabmar Street,Residential,,,,,,,,,,,,,
501714.0,District 2,Jones Street,Residential,,,,,,,,,,,,,
501715.0,District 2,Don Juan Street,Residential,,,,,,,,,,,,,
501716.0,District 2,Fabmar Street,Residential,,,,,,,,,,,,,
501717.0,District 3,Altarejos Street,Commercial,,,,,,,,,,,,,
501718.0,District 2,Jones Street,Residential,,,,,,,,,,,,,
501719.0,,Moyot Street,Residential,,,,,,,,,,,,,
501720.0,District 3,Amican Street,Residential,,,,,,,,,,,,,
501721.0,,Moyot Street,Residential,,,,,,,,,,,,,
501722.0,District 2,Alicante Street,Residential,,,,,,,,,,,,,
501723.0,,Bartolabac Street,Commercial,,,,,,,,,,,,,
501724.0,District 2,Jones Street,Residential,,,,,,,,,,,,,
501725.0,District 2,Fabmar Street,Residential,,,,,,,,,,,,,
501726.0,District 2,Jones Street,Residential,,,,,,,,,,,,,
501727.0,District 4,Villamor Street,Residential,,,,,,,,,,,,,
501728.0,District 2,Fabmar Street,Residential,,,,,,,,,,,,,
501729.0,District 2,Balcavem Street,Residential,,,,,,,,,,,,,
501730.0,District 2,Fabmar Street,Residential,,,,,,,,,,,,,
501731.0,District 2,Alicante Street,Residential,,,,,,,,,,,,,
501732.0,District 2,Alicante Street,Residential,,,,,,,,,,,,,
501733.0,,Moyot Street,Residential,,,,,,,,,,,,,
501734.0,,Bartolabac Street,Residential,,,,,,,,,,,,,
501735.0,District 3,Amican Street,Residential,,,,,,,,,,,,,
501736.0,District 3,Lique Street,Residential,,,,,,,,,,,,,
501737.0,District 3,Amican Street,Residential,,,,,,,,,,,,,
501738.0,District 2,Balcavem Street,Residential,,,,,,,,,,,,,
501739.0,,Gutierrez Street,Residential,,,,,,,,,,,,,
501740.0,,Moyot Street,Residential,,,,,,,,,,,,,
501741.0,District 2,Balcavem Street,Residential,,,,,,,,,,,,,
501742.0,District 2,Don Juan Street,Residential,,,,,,,,,,,,,
501743.0,,Bartolabac Street,Residential,,,,,,,,,,,,,
501744.0,District 2,Don Juan Street,Residential,,,,,,,,,,,,,
501745.0,District 2,Esparrago Street,Residential,,,,,,,,,,,,,
501746.0,District 3,Flores Street,Commercial,,,,,,,,,,,,,
501747.0,District 2,Balcavem Street,Residential,,,,,,,,,,,,,
501748.0,District 2,Fabmar Street,Residential,,,,,,,,,,,,,
501749.0,District 4,Alicante Street,Residential,,,,,,,,,,,,,
501750.0,District 2,Alicante Street,Residential,,,,,,,,,,,,,
501751.0,District 3,Altarejos Street,Residential,,,,,,,,,,,,,
501752.0,District 2,Alicante Street,Residential,,,,,,,,,,,,,
501753.0,District 2,Fabmar Street,Residential,,,,,,,,,,,,,
501754.0,District 2,Fabmar Street,Residential,,,,,,,,,,,,,
501755.0,District 2,Jones Street,Residential,,,,,,,,,,,,,
501756.0,District 2,Jones Street,Residential,,,,,,,,,,,,,
501757.0,District 4,Alicante Street,Commercial,,,,,,,,,,,,,
501758.0,District 1,Bailon Street,Commercial,,,,,,,,,,,,,
501759.0,District 2,Fabmar Street,Residential,,,,,,,,,,,,,
501760.0,District 2,Balcavem Street,Residential,,,,,,,,,,,,,
501761.0,District 2,Bailon Street,Residential,,,,,,,,,,,,,
501762.0,District 4,Barsaga Street,Residential,,,,,,,,,,,,,
501763.0,District 2,Fabmar Street,Residential,,,,,,,,,,,,,
501764.0,District 3,Espinosa Street,Commercial,,,,,,,,,,,,,
501765.0,District 2,Jones Street,Residential,,,,,,,,,,,,,
501766.0,District 3,Flores Street,Residential,,,,,,,,,,,,,
501767.0,District 2,Fabmar Street,Residential,,,,,,,,,,,,,
501768.0,District 2,Fabmar Street,Residential,,,,,,,,,,,,,
501769.0,District 2,Fabmar Street,Commercial,,,,,,,,,,,,,
501770.0,District 4,Esparrago Street,Residential,,,,,,,,,,,,,
501771.0,District 2,Fabmar Street,Residential,,,,,,,,,,,,,
501772.0,District 2,Fabmar Street,Residential,,,,,,,,,,,,,
501773.0,District 4,Alicante Street,Residential,,,,,,,,,,,,,
501774.0,District 2,Fabmar Street,Residential,,,,,,,,,,,,,
501775.0,District 2,Fabmar Street,Residential,,,,,,,,,,,,,
501776.0,,Moyot Street,Residential,,,,,,,,,,,,,
501777.0,District 2,Fabmar Street,Residential,,,,,,,,,,,,,
501778.0,District 4,Flores Street,Residential,,,,,,,,,,,,,
501779.0,District 2,Fabmar Street,Commercial,,,,,,,,,,,,,
501780.0,District 2,Fabmar Street,Residential,,,,,,,,,,,,,
501781.0,District 3,Flores Street,Residential,,,,,,,,,,,,,
501782.0,District 3,Balintong Street,Residential,,,,,,,,,,,,,
501783.0,District 3,Bartolay Street,Residential,,,,,,,,,,,,,
501784.0,,Bartolabac Street,Residential,,,,,,,,,,,,,
501785.0,District 2,Bailon Street,Residential,,,,,,,,,,,,,
501786.0,,NHA Duplex,Residential,,,,,,,,,,,,,
501787.0,,NHA Duplex,Residential,,,,,,,,,,,,,
501788.0,,NHA Duplex,Residential,,,,,,,,,,,,,
501789.0,,Moyot Street,Residential,,,,,,,,,,,,,
501790.0,,NHA Duplex,Residential,,,,,,,,,,,,,
501791.0,District 3,Letada Street,Residential,,,,,,,,,,,,,
501792.0,District 2,Bailon Street,Residential,,,,,,,,,,,,,
501793.0,,NHA Duplex,Residential,,,,,,,,,,,,,
501794.0,,NHA Duplex,Residential,,,,,,,,,,,,,
501795.0,,NHA Duplex,Residential,,,,,,,,,,,,,
501796.0,District 4,Barsaga Street,Residential,,,,,,,,,,,,,
501797.0,District 4,Grafilo Street,Residential,,,,,,,,,,,,,
501798.0,District 1,Gutierrez Street,Residential,,,,,,,,,,,,,
501799.0,District 1,Alicante Street,Residential,,,,,,,,,,,,,
501800.0,District 2,Jones Street,Residential,,,,,,,,,,,,,
501801.0,District 2,Fabmar Street,Residential,,,,,,,,,,,,,
501802.0,,Gutierrez Street,Residential,,,,,,,,,,,,,
501803.0,District 3,Espinosa Street,Commercial,,,,,,,,,,,,,
501804.0,District 4,Esparrago Street,Commercial,,,,,,,,,,,,,
501805.0,District 2,Balcavem Street,Residential,,,,,,,,,,,,,
501806.0,District 2,Fabmar Street,Residential,,,,,,,,,,,,,
501807.0,,NHA Duplex,Residential,,,,,,,,,,,,,
501808.0,District 2,Esparrago Street,Commercial,,,,,,,,,,,,,
501809.0,,Moyot Street,Residential,,,,,,,,,,,,,
501810.0,,Moyot Street,Residential,,,,,,,,,,,,,
501811.0,Burgos,Talaba,Residential,,,,,,,,,,,,,
501812.0,District 4,Alicante Street,Residential,,,,,,,,,,,,,
501813.0,District 2,Jones Street,Residential,,,,,,,,,,,,,
501814.0,District 2,Jones Street,Residential,,,,,,,,,,,,,
501815.0,,Moyot Street,Residential,,,,,,,,,,,,,
501816.0,District 4,Villamor Street,Residential,,,,,,,,,,,,,
501817.0,District 2,Jones Street,Residential,,,,,,,,,,,,,
501818.0,,Moyot Street,Residential,,,,,,,,,,,,,
501820.0,Burgos,Binaliw,Residential,,,,,,,,,,,,,
501821.0,Burgos,Talaba,Residential,,,,,,,,,,,,,
501822.0,Burgos,Talaba,Residential,,,,,,,,,,,,,
501823.0,Burgos,Binaliw,Residential,,,,,,,,,,,,,
501824.0,Burgos,Talaba,Residential,,,,,,,,,,,,,
501825.0,Burgos,Talaba,Residential,,,,,,,,,,,,,
501826.0,Burgos,Talaba,Residential,,,,,,,,,,,,,
501827.0,Burgos,Talaba,Residential,,,,,,,,,,,,,
501828.0,Burgos,Talaba,Residential,,,,,,,,,,,,,
501829.0,Burgos,Talaba,Residential,,,,,,,,,,,,,
501830.0,Burgos,Talaba,Residential,,,,,,,,,,,,,
501831.0,Burgos,Talaba,Residential,,,,,,,,,,,,,
501832.0,Burgos,Talaba,Residential,,,,,,,,,,,,,
501833.0,Burgos,Talaba,Residential,,,,,,,,,,,,,
501834.0,Burgos,Talaba,Residential,,,,,,,,,,,,,
501835.0,Burgos,Binaliw,Residential,,,,,,,,,,,,,
501836.0,Burgos,Talaba,Residential,,,,,,,,,,,,,
501837.0,District 2,Fabmar Street,Residential,,,,,,,,,,,,,
501838.0,Burgos,Binaliw,Residential,,,,,,,,,,,,,
501839.0,Burgos,Talaba,Residential,,,,,,,,,,,,,
501840.0,Burgos,Binaliw,Residential,,,,,,,,,,,,,
501841.0,Burgos,Talaba,Residential,,,,,,,,,,,,,
501842.0,District 2,Fabmar Street,Residential,,,,,,,,,,,,,
501843.0,District 1,Bailon Street,Industrial,,,,,,,,,,,,,
501844.0,Burgos,Talaba,Residential,,,,,,,,,,,,,
501845.0,District 2,Fabmar Street,Residential,,,,,,,,,,,,,
501846.0,Burgos,Talaba,Residential,,,,,,,,,,,,,
501847.0,District 3,Alicante Street,Commercial,,,,,,,,,,,,,
501848.0,Burgos,Talaba,Residential,,,,,,,,,,,,,
501849.0,Burgos,Talaba,Commercial,,,,,,,,,,,,,
501850.0,District 3,Altarejos Street,Residential,,,,,,,,,,,,,
501851.0,District 3,Bartolay Street,Residential,,,,,,,,,,,,,
501852.0,Burgos,Talaba,Residential,,,,,,,,,,,,,
501853.0,Lipata,Fabmar Street,Residential,,,,,,,,,,,,,
501854.0,Burgos,Talaba,Residential,,,,,,,,,,,,,
501855.0,District 2,Moyot Street,Residential,,,,,,,,,,,,,
501856.0,Burgos,Talaba,Residential,,,,,,,,,,,,,
501857.0,District 2,Bailon Street,Residential,,,,,,,,,,,,,
501859.0,Burgos,Talaba,Residential,,,,,,,,,,,,,
501860.0,,Moyot Street,Residential,,,,,,,,,,,,,
501861.0,,Moyot Street,Residential,,,,,,,,,,,,,
501862.0,,Moyot Street,Residential,,,,,,,,,,,,,
501863.0,District 2,Jones Street,Residential,,,,,,,,,,,,,
501864.0,District 1,Bailon Street,Commercial,,,,,,,,,,,,,
501865.0,District 2,Don Juan Street,Residential,,,,,,,,,,,,,
501866.0,District 2,Fabmar Street,Residential,,,,,,,,,,,,,
501867.0,Burgos,Binaliw,Residential,,,,,,,,,,,,,
501868.0,Burgos,Binaliw,Residential,,,,,,,,,,,,,
501869.0,Burgos,Talaba,Residential,,,,,,,,,,,,,
501870.0,District 2,Jones Street,Residential,,,,,,,,,,,,,
501871.0,Burgos,Talaba,Residential,,,,,,,,,,,,,
501872.0,District 2,Jones Street,Residential,,,,,,,,,,,,,
501873.0,District 2,Jones Street,Residential,,,,,,,,,,,,,
501874.0,,NHA Duplex,Residential,,,,,,,,,,,,,
501875.0,Burgos,Talaba,Residential,,,,,,,,,,,,,
501876.0,District 1,Bartolay Street,Residential,,,,,,,,,,,,,
501877.0,District 3,Balintong Street,Commercial,,,,,,,,,,,,,
501878.0,District 3,Alicante Street,Residential,,,,,,,,,,,,,
501879.0,District 2,Don Juan Street,Residential,,,,,,,,,,,,,
501880.0,District 2,Esparrago Street,Residential,,,,,,,,,,,,,
501881.0,,NHA Duplex,Residential,,,,,,,,,,,,,
501882.0,District 3,Flores Street,Residential,,,,,,,,,,,,,
501883.0,District 2,Balcavem Street,Residential,,,,,,,,,,,,,
501884.0,District 1,Bailon Street,Commercial,,,,,,,,,,,,,
501885.0,Burgos,Binaliw,Residential,,,,,,,,,,,,,
501887.0,,Bartolabac Street,Residential,,,,,,,,,,,,,
501888.0,District 3,Flores Street,Residential,,,,,,,,,,,,,
501889.0,District 2,Balcavem Street,Residential,,,,,,,,,,,,,
501890.0,,Moyot Street,Residential,,,,,,,,,,,,,
501891.0,District 3,Altarejos Street,Residential,,,,,,,,,,,,,
501892.0,District 3,Esparrago Street,Residential,,,,,,,,,,,,,
501893.0,District 2,Fabmar Street,Residential,,,,,,,,,,,,,
501894.0,District 2,Fabmar Street,Residential,,,,,,,,,,,,,
501895.0,,NHA Duplex,Residential,,,,,,,,,,,,,
501896.0,District 1,Bailon Street,Residential,,,,,,,,,,,,,
501897.0,District 1,Gutierrez Street,Residential,,,,,,,,,,,,,
501898.0,District 3,Amican Street,Residential,,,,,,,,,,,,,
501900.0,Burgos,Tangnan,Residential,,,,,,,,,,,,,
501901.0,District 3,Amican Street,Residential,,,,,,,,,,,,,
501904.0,,NHA Duplex,Residential,,,,,,,,,,,,,
501905.0,District 2,Esparrago Street,Residential,,,,,,,,,,,,,
501906.0,District 3,Letada Street,Residential,,,,,,,,,,,,,
501907.0,District 2,Balcavem Street,Residential,,,,,,,,,,,,,
501908.0,District 3,Flores Street,Residential,,,,,,,,,,,,,
501909.0,District 3,Flores Street,Residential,,,,,,,,,,,,,
501910.0,Burgos,Talaba,Residential,,,,,,,,,,,,,
501911.0,District 2,Fabmar Street,Residential,,,,,,,,,,,,,
501912.0,,NHA Duplex,Residential,,,,,,,,,,,,,
501913.0,Burgos,Talaba,Residential,,,,,,,,,,,,,
501914.0,District 2,Balcavem Street,Residential,,,,,,,,,,,,,
501915.0,District 4,Grafilo Street,Residential,,,,,,,,,,,,,
501916.0,District 2,Jones Street,Commercial,,,,,,,,,,,,,
501917.0,,Moyot Street,Residential,,,,,,,,,,,,,
501918.0,Burgos,Talaba,Industrial,,,,,,,,,,,,,
501919.0,Burgos,Talaba,Commercial,,,,,,,,,,,,,
501920.0,Burgos,Talaba,Commercial,,,,,,,,,,,,,
501921.0,District 2,Fabmar Street,Residential,,,,,,,,,,,,,
501922.0,District 3,Letada Street,Residential,,,,,,,,,,,,,
501923.0,District 3,Letada Street,Residential,,,,,,,,,,,,,
501925.0,District 2,Fabmar Street,Residential,,,,,,,,,,,,,
501926.0,,NHA Duplex,Residential,,,,,,,,,,,,,
501927.0,Burgos,Upper Bliss,Residential,,,,,,,,,,,,,
501928.0,Burgos,Upper Bliss,Residential,,,,,,,,,,,,,
501929.0,Burgos,Upper Bliss,Residential,,,,,,,,,,,,,
501930.0,Burgos,Upper Bliss,Residential,,,,,,,,,,,,,
501931.0,Burgos,Upper Bliss,Residential,,,,,,,,,,,,,
501932.0,Burgos,Upper Bliss,Residential,,,,,,,,,,,,,
501933.0,Burgos,Upper Bliss,Residential,,,,,,,,,,,,,
501934.0,Burgos,Upper Bliss,Residential,,,,,,,,,,,,,
501935.0,Burgos,Upper Bliss,Residential,,,,,,,,,,,,,
501936.0,Burgos,Upper Bliss,Residential,,,,,,,,,,,,,
501937.0,Burgos,Upper Bliss,Residential,,,,,,,,,,,,,
501938.0,Burgos,Upper Bliss,Residential,,,,,,,,,,,,,
501939.0,Burgos,Upper Bliss,Residential,,,,,,,,,,,,,
501940.0,Burgos,Upper Bliss,Residential,,,,,,,,,,,,,
501941.0,Burgos,Tangnan,Residential,,,,,,,,,,,,,
501942.0,Burgos,Upper Bliss,Residential,,,,,,,,,,,,,
501943.0,,Bartolabac Street,Residential,,,,,,,,,,,,,
501944.0,Burgos,Upper Bliss,Residential,,,,,,,,,,,,,
501945.0,Burgos,Talaba,Residential,,,,,,,,,,,,,
501946.0,Burgos,Upper Bliss,Residential,,,,,,,,,,,,,
501947.0,Burgos,Talaba,Residential,,,,,,,,,,,,,
501948.0,District 1,Bailon Street,Commercial,,,,,,,,,,,,,
501949.0,District 2,Jones Street,Residential,,,,,,,,,,,,,
501950.0,Burgos,Tangnan,Residential,,,,,,,,,,,,,
501951.0,Burgos,Upper Bliss,Residential,,,,,,,,,,,,,
501952.0,Burgos,Binaliw,Residential,,,,,,,,,,,,,
501953.0,,Moyot Street,Residential,,,,,,,,,,,,,
501954.0,,Moyot Street,Residential,,,,,,,,,,,,,
501955.0,,NHA Duplex,Residential,,,,,,,,,,,,,
501956.0,Burgos,Tangnan,Residential,,,,,,,,,,,,,
501957.0,District 4,Barsaga Street,Residential,,,,,,,,,,,,,
501958.0,District 3,Esparrago Street,Residential,,,,,,,,,,,,,
501959.0,Burgos,Upper Bliss,Residential,,,,,,,,,,,,,
501963.0,,NHA Duplex,Residential,,,,,,,,,,,,,
501964.0,District 3,Letada Street,Residential,,,,,,,,,,,,,
501965.0,District 3,Bartolay Street,Residential,,,,,,,,,,,,,
501966.0,District 4,Lique Street,Residential,,,,,,,,,,,,,
501967.0,District 3,Letada Street,Residential,,,,,,,,,,,,,
501968.0,,Moyot Street,Residential,,,,,,,,,,,,,
501969.0,Burgos,Upper Bliss,Residential,,,,,,,,,,,,,
501970.0,Burgos,Tangnan,Residential,,,,,,,,,,,,,
501971.0,Burgos,Binaliw,Residential,,,,,,,,,,,,,
501972.0,Burgos,Talaba,Residential,,,,,,,,,,,,,
501973.0,Burgos,Talaba,Commercial,,,,,,,,,,,,,
501974.0,Burgos,Talaba,Commercial,,,,,,,,,,,,,
501975.0,Burgos,Tangnan,Residential,,,,,,,,,,,,,
501976.0,Burgos,Upper Bliss,Residential,,,,,,,,,,,,,
501978.0,,Moyot Street,Residential,,,,,,,,,,,,,
501979.0,District 2,Jones Street,Commercial,,,,,,,,,,,,,
501980.0,District 2,Fabmar Street,Commercial,,,,,,,,,,,,,
501981.0,District 2,Jones Street,Residential,,,,,,,,,,,,,
501982.0,,Moyot Street,Residential,,,,,,,,,,,,,
501983.0,District 2,Fabmar Street,Residential,,,,,,,,,,,,,
501984.0,,Moyot Street,Residential,,,,,,,,,,,,,
501985.0,District 2,Alicante Street,Residential,,,,,,,,,,,,,
501986.0,Burgos,Upper Bliss,Residential,,,,,,,,,,,,,
501987.0,District 2,Fabmar Street,Residential,,,,,,,,,,,,,
501988.0,District 2,Jones Street,Residential,,,,,,,,,,,,,
501989.0,District 1,Bailon Street,Residential,,,,,,,,,,,,,
501990.0,Burgos,Upper Bliss,Residential,,,,,,,,,,,,,
501991.0,District 2,Fabmar Street,Residential,,,,,,,,,,,,,
501992.0,District 2,Alicante Street,Residential,,,,,,,,,,,,,
501993.0,District 1,Bailon Street,Commercial,,,,,,,,,,,,,
501994.0,District 2,Esparrago Street,Residential,,,,,,,,,,,,,
501995.0,,NHA Duplex,Residential,,,,,,,,,,,,,
501998.0,District 2,Balcavem Street,Residential,,,,,,,,,,,,,
501999.0,Burgos,Talaba,Residential,,,,,,,,,,,,,
502000.0,District 3,Almonte Street,Commercial,,,,,,,,,,,,,
502001.0,District 4,Villamor Street,Residential,,,,,,,,,,,,,
502002.0,District 1,Lique Street,Residential,,,,,,,,,,,,,
502003.0,District 2,Jones Street,Residential,,,,,,,,,,,,,
502004.0,District 3,Flores Street,Residential,,,,,,,,,,,,,
502005.0,District 2,Jones Street,Residential,,,,,,,,,,,,,
502006.0,District 1,Bailon Street,Commercial,,,,,,,,,,,,,
502007.0,Burgos,Talaba,Residential,,,,,,,,,,,,,
502008.0,Burgos,Talaba,Residential,,,,,,,,,,,,,
502009.0,District 2,Fabmar Street,Commercial,,,,,,,,,,,,,
502010.0,District 2,Balcavem Street,Residential,,,,,,,,,,,,,
502011.0,District 2,Jones Street,Commercial,,,,,,,,,,,,,
502012.0,District 3,Almonte Street,Commercial,,,,,,,,,,,,,
502013.0,Burgos,Tangnan,Residential,,,,,,,,,,,,,
502015.0,District 4,Bartolay Street,Residential,,,,,,,,,,,,,
502016.0,District 3,Flores Street,Residential,,,,,,,,,,,,,
502017.0,,Moyot Street,Residential,,,,,,,,,,,,,
502018.0,,Gutierrez Street,Commercial,,,,,,,,,,,,,
502019.0,District 2,Alicante Street,Residential,,,,,,,,,,,,,
502020.0,Burgos,Talaba,Commercial,,,,,,,,,,,,,
502021.0,District 2,Fabmar Street,Residential,,,,,,,,,,,,,
502022.0,District 2,Fabmar Street,Residential,,,,,,,,,,,,,
502023.0,,Moyot Street,Residential,,,,,,,,,,,,,
502024.0,District 2,Esparrago Street,Residential,,,,,,,,,,,,,
502026.0,,NHA Duplex,Residential,,,,,,,,,,,,,
502027.0,District 1,Bailon Street,Commercial,,,,,,,,,,,,,
502028.0,District 4,Bartolay Street,Residential,,,,,,,,,,,,,
502030.0,Burgos,Upper Bliss,Residential,,,,,,,,,,,,,
502031.0,District 2,Balcavem Street,Residential,,,,,,,,,,,,,
502032.0,Burgos,Talaba,Residential,,,,,,,,,,,,,
502033.0,District 2,Jones Street,Residential,,,,,,,,,,,,,
502034.0,District 2,Bailon Street,Residential,,,,,,,,,,,,,
502035.0,,NHA Duplex,Residential,,,,,,,,,,,,,
502036.0,,Moyot Street,Residential,,,,,,,,,,,,,
502037.0,District 2,Jones Street,Residential,,,,,,,,,,,,,
502038.0,,Moyot Street,Residential,,,,,,,,,,,,,
502039.0,District 2,Fabmar Street,Residential,,,,,,,,,,,,,
502040.0,District 2,Esparrago Street,Residential,,,,,,,,,,,,,
502041.0,District 2,Balcavem Street,Residential,,,,,,,,,,,,,
502042.0,Burgos,Upper Bliss,Residential,,,,,,,,,,,,,
502043.0,District 2,Jones Street,Residential,,,,,,,,,,,,,
502044.0,District 4,Esparrago Street,Commercial,,,,,,,,,,,,,
502045.0,District 3,Letada Street,Commercial,,,,,,,,,,,,,
502046.0,District 3,Lique Street,Residential,,,,,,,,,,,,,
502047.0,District 2,Fabmar Street,Residential,,,,,,,,,,,,,
502048.0,District 1,Lique Street,Residential,,,,,,,,,,,,,
502049.0,District 3,Balintong Street,Residential,,,,,,,,,,,,,
502050.0,District 3,Bartolabac Street,Commercial,,,,,,,,,,,,,
502051.0,District 2,Jones Street,Residential,,,,,,,,,,,,,
502052.0,District 4,Bartolay Street,Residential,,,,,,,,,,,,,
502053.0,,Bartolabac Street,Residential,,,,,,,,,,,,,
502054.0,,Bartolabac Street,Residential,,,,,,,,,,,,,
502055.0,District 1,Gutierrez Street,Residential,,,,,,,,,,,,,
502056.0,District 3,Letada Street,Residential,,,,,,,,,,,,,
502057.0,,NHA Duplex,Residential,,,,,,,,,,,,,
502058.0,Burgos,Talaba,Residential,,,,,,,,,,,,,
502059.0,District 3,Esparrago Street,Residential,,,,,,,,,,,,,
502060.0,District 3,Bartolay Street,Residential,,,,,,,,,,,,,
502061.0,Burgos,Talaba,Residential,,,,,,,,,,,,,
502062.0,District 3,Espinosa Street,Commercial,,,,,,,,,,,,,
502063.0,District 2,Jones Street,Residential,,,,,,,,,,,,,
502064.0,District 3,Almonte Street,Residential,,,,,,,,,,,,,
502066.0,District 3,Flores Street,Residential,,,,,,,,,,,,,
502067.0,Burgos,Tangnan,Residential,,,,,,,,,,,,,
502068.0,District 2,Don Juan Street,Residential,,,,,,,,,,,,,
502069.0,Burgos,Talaba,Residential,,,,,,,,,,,,,
502070.0,District 2,Jones Street,Residential,,,,,,,,,,,,,
502072.0,District 2,Jones Street,Residential,,,,,,,,,,,,,
502073.0,,Bartolabac Street,Residential,,,,,,,,,,,,,
502074.0,District 4,Flores Street,Residential,,,,,,,,,,,,,
502075.0,District 4,Bartolay Street,Residential,,,,,,,,,,,,,
502076.0,District 2,Jones Street,Residential,,,,,,,,,,,,,
502077.0,Burgos,Talaba,Residential,,,,,,,,,,,,,
502078.0,,Moyot Street,Residential,,,,,,,,,,,,,
502079.0,District 2,Jones Street,Residential,,,,,,,,,,,,,
502080.0,District 2,Jones Street,Residential,,,,,,,,,,,,,
502081.0,District 2,Fabmar Street,Residential,,,,,,,,,,,,,
502082.0,District 2,Bailon Street,Residential,,,,,,,,,,,,,
502083.0,District 3,Altarejos Street,Residential,,,,,,,,,,,,,
502084.0,District 2,Fabmar Street,Residential,,,,,,,,,,,,,
502085.0,Burgos,Talaba,Residential,,,,,,,,,,,,,
502086.0,District 4,Alicante Street,Residential,,,,,,,,,,,,,
502087.0,District 4,Lique Street,Residential,,,,,,,,,,,,,
502088.0,District 4,Alicante Street,Residential,,,,,,,,,,,,,
502089.0,District 2,Don Juan Street,Residential,,,,,,,,,,,,,
502090.0,,Moyot Street,Residential,,,,,,,,,,,,,
502091.0,District 3,Letada Street,Residential,,,,,,,,,,,,,
502092.0,District 4,Esparrago Street,Residential,,,,,,,,,,,,,
502093.0,District 2,Fabmar Street,Residential,,,,,,,,,,,,,
502094.0,District 1,Bailon Street,Residential,,,,,,,,,,,,,
502095.0,Burgos,Talaba,Residential,,,,,,,,,,,,,
502096.0,Burgos,Binaliw,Residential,,,,,,,,,,,,,
502097.0,District 2,Jones Street,Residential,,,,,,,,,,,,,
502098.0,District 1,Bailon Street,Residential,,,,,,,,,,,,,
502099.0,District 1,Bailon Street,Residential,,,,,,,,,,,,,
502100.0,District 4,Villamor Street,Residential,,,,,,,,,,,,,
502101.0,District 2,Alicante Street,Residential,,,,,,,,,,,,,
502102.0,District 2,Jones Street,Commercial,,,,,,,,,,,,,
502103.0,District 2,Jones Street,Residential,,,,,,,,,,,,,
502104.0,District 2,Bailon Street,Commercial,,,,,,,,,,,,,
502105.0,District 4,Alicante Street,Residential,,,,,,,,,,,,,
502106.0,District 2,Alicante Street,Residential,,,,,,,,,,,,,
502108.0,Burgos,Talaba,Residential,,,,,,,,,,,,,
502109.0,District 2,Jones Street,Residential,,,,,,,,,,,,,
502110.0,District 2,Fabmar Street,Residential,,,,,,,,,,,,,
502111.0,Burgos,Upper Bliss,Residential,,,,,,,,,,,,,
502112.0,Burgos,Talaba,Residential,,,,,,,,,,,,,
502113.0,,Moyot Street,Residential,,,,,,,,,,,,,
502114.0,District 3,Almonte Street,Commercial,,,,,,,,,,,,,
502115.0,,Moyot Street,Residential,,,,,,,,,,,,,
502116.0,District 2,Jones Street,Residential,,,,,,,,,,,,,
502117.0,District 3,Bartolay Street,Residential,,,,,,,,,,,,,
502119.0,District 3,Amican Street,Residential,,,,,,,,,,,,,
502120.0,District 2,Jones Street,Residential,,,,,,,,,,,,,
502121.0,Burgos,Talaba,Residential,,,,,,,,,,,,,
502122.0,District 3,Alicante Street,Residential,,,,,,,,,,,,,
502123.0,Burgos,Talaba,Residential,,,,,,,,,,,,,
502124.0,District 4,Grafilo Street,Residential,,,,,,,,,,,,,
502125.0,District 2,Fabmar Street,Residential,,,,,,,,,,,,,
502126.0,District 4,Grafilo Street,Residential,,,,,,,,,,,,,
502127.0,District 1,Bailon Street,Residential,,,,,,,,,,,,,
502128.0,,NHA Duplex,Residential,,,,,,,,,,,,,
502129.0,,Altarejos Street,Residential,,,,,,,,,,,,,
502130.0,Burgos,Talaba,Residential,,,,,,,,,,,,,
502131.0,District 2,Fabmar Street,Residential,,,,,,,,,,,,,
502132.0,District 3,Altarejos Street,Residential,,,,,,,,,,,,,
502133.0,District 4,Flores Street,Residential,,,,,,,,,,,,,
502134.0,District 2,Fabmar Street,Residential,,,,,,,,,,,,,
502135.0,,Lique Street,Residential,,,,,,,,,,,,,
502136.0,Burgos,Talaba,Residential,,,,,,,,,,,,,
502137.0,District 2,Fabmar Street,Residential,,,,,,,,,,,,,
502138.0,District 3,Letada Street,Residential,,,,,,,,,,,,,
502139.0,,Moyot Street,Residential,,,,,,,,,,,,,
502140.0,Burgos,Talaba,Residential,,,,,,,,,,,,,
502141.0,,NHA Duplex,Residential,,,,,,,,,,,,,
502142.0,District 3,Alicante Street,Residential,,,,,,,,,,,,,
502143.0,District 3,Letada Street,Residential,,,,,,,,,,,,,
502144.0,District 2,Jones Street,Residential,,,,,,,,,,,,,
502145.0,District 3,Amican Street,Residential,,,,,,,,,,,,,
502146.0,District 2,Balcavem Street,Residential,,,,,,,,,,,,,
502147.0,Burgos,Talaba,Residential,,,,,,,,,,,,,
502148.0,District 2,Fabmar Street,Residential,,,,,,,,,,,,,
502149.0,District 3,Fabmar Street,Residential,,,,,,,,,,,,,
502150.0,,Bartolabac Street,Residential,,,,,,,,,,,,,
502151.0,District 2,Fabmar Street,Residential,,,,,,,,,,,,,
502152.0,District 4,Villamor Street,Residential,,,,,,,,,,,,,
502153.0,,Bartolabac Street,Residential,,,,,,,,,,,,,
502154.0,,Bartolabac Street,Residential,,,,,,,,,,,,,
502155.0,,Bartolabac Street,Residential,,,,,,,,,,,,,
502156.0,District 2,Moyot Street,Residential,,,,,,,,,,,,,
502157.0,District 1,Bailon Street,Residential,,,,,,,,,,,,,
502158.0,District 2,Jones Street,Residential,,,,,,,,,,,,,
502159.0,District 2,Jones Street,Residential,,,,,,,,,,,,,
502160.0,District 2,Jones Street,Commercial,,,,,,,,,,,,,
502161.0,,Moyot Street,Residential,,,,,,,,,,,,,
502162.0,,NHA Duplex,Residential,,,,,,,,,,,,,
502164.0,District 3,Amican Street,Residential,,,,,,,,,,,,,
502165.0,Burgos,Talaba,Residential,,,,,,,,,,,,,
502166.0,District 1,Almonte Street,Residential,,,,,,,,,,,,,
502167.0,Burgos,Tangnan,Residential,,,,,,,,,,,,,
502168.0,Burgos,Talaba,Residential,,,,,,,,,,,,,
504008.0,,,,,,,,,,,,,,,,
5001505.0,District 2,Jones Street,Residential,,,,,,,,,,,,,
5002014.0,District 2,Alicante Street,Residential,,,,,,,,,,,,,
5012014.0,,,,,,,,,,,,,,,,
